publication_id,pmid,doi,year,first_author,title,journal,n_interacciones,n_evidencias,especies,metodos
PUB-0001,27836995,10.15252/embj.201694639,2016,Shafagh A Waters,Small RNA interactome of pathogenic E. coli revealed through crosslinking of RNase E,The EMBO Journal,868,879,Escherichia coli,CLASH|Translational fusion reporter
PUB-0002,32356726,10.7554/elife.54655,2020,Ira Alexandra Iosub,Hfq CLASH uncovers sRNA-target interaction networks linked to nutrient availability adaptation,eLife,2184,2184,Escherichia coli,CLASH|Northern blot|Real-Time qRT-PCR
PUB-0003,30447071,10.1111/mmi.14168,2018,David Lalaouna,GcvB small RNA uses two distinct seed regions to regulate an extensive targetome,Molecular Microbiology,3096,3103,Escherichia coli,MAP-Seq|Northern blot|Secondary structure probing|beta-galactosidase activity assay
PUB-0004,32130912,10.1016/j.celrep.2020.02.016,2020,Raya Faigenbaum-Romm,Hierarchy in Hfq Chaperon Occupancy of Small RNA Targets Plays a Major Role in Their Regulation,Cell Reports,556,556,Escherichia coli,RNA-Sequencing
PUB-0005,29294085,10.1093/nar/gkx1287,2017,David Lalaouna,Contrasting silencing mechanisms of the same target mRNA by two regulatory RNAs in Escherichia coli,Nucleic Acids Research,6390,6390,Escherichia coli,MAP-Seq|Northern blot|beta-galactosidase activity assay
PUB-0006,34698252,10.3390/ncrna7040064,2021,David Lalaouna,Binding of the RNA Chaperone Hfq on Target mRNAs Promotes the Small RNA RyhB-Induced Degradation in Escherichia coli,Non-Coding RNA,13,13,Escherichia coli,MAP-Seq|Northern blot|Translational fusion reporter|beta-galactosidase activity assay
PUB-0007,26175201,10.1111/mmi.13129,2015,David Lalaouna,DsrA regulatory RNA represses both hns and rbsD mRNAs through distinct mechanisms in Escherichia coli,Molecular Microbiology,6,8,Escherichia coli,MAP-Seq|Northern blot|Secondary structure probing|beta-galactosidase activity assay
PUB-0008,25891076,10.1016/j.molcel.2015.03.013,2015,David Lalaouna,A 3' external transcribed spacer in a tRNA transcript acts as a sponge for small RNAs to prevent transcriptional noise,Molecular Cell,27,27,Escherichia coli,MAP-Seq|Northern blot
PUB-0009,33622723,10.1128/mbio.03608-20,2021,Kook Han,Toward a Comprehensive Analysis of Posttranscriptional Regulatory Networks: a New Tool for the Identification of Small RNA Regulators of Specific mRNAs,mBio,25,26,Escherichia coli|Pseudomonas aeruginosa|Vibrio cholerae,Northern blot|Western blot|beta-galactosidase activity assay|rGRIL
PUB-0010,31761494,10.1016/j.molcel.2019.10.022,2020,Sahar Melamed,RNA-RNA Interactomes of ProQ and Hfq Reveal Overlapping and Competing Roles,Molecular Cell,4870,4986,Escherichia coli,RIL-Seq
PUB-0011,27588604,10.1016/j.molcel.2016.07.026,2016,Sahar Melamed,Global Mapping of Small RNA-Target Interactions in Bacteria,Molecular Cell,1601,1634,Escherichia coli,RIL-Seq
PUB-0012,28005055,10.1038/nmicrobiol.2016.239,2017,Kook Han,GRIL-seq provides a method for identifying direct targets of bacterial small regulatory RNA by in vivo proximity ligation,Nature Microbiology,609,609,Pseudomonas aeruginosa,GRIL|RNA-Sequencing|Real-Time qRT-PCR|Western blot|beta-galactosidase activity assay
PUB-0013,18424436,10.1074/jbc.m707840200,2008,Amanda G Oglesby,The influence of iron on Pseudomonas aeruginosa physiology: a regulatory link between iron and quorum sensing,Journal of Biological Chemistry,11,11,Pseudomonas aeruginosa,Expression Microarray Assay|Real-Time qRT-PCR
PUB-0014,28976035,10.1111/mmi.13857,2017,Yi-Fan Zhang,Probing the sRNA regulatory landscape of P. aeruginosa: post-transcriptional control of determinants of pathogenicity and antibiotic susceptibility,Molecular Microbiology,13,13,Pseudomonas aeruginosa,GRIL|Hi-GRIL|Real-Time qRT-PCR|Western blot
PUB-0015,34096591,10.1093/nar/gkab444,2021,Sylvain Durand,Identification of an RNA sponge that controls the RoxS riboregulator of central metabolism in Bacillus subtilis,Nucleic Acids Research,73,73,Bacillus subtilis,Electrophoretic Mobility Shift Assay|LIGR
PUB-0016,12410838,10.1046/j.1365-2958.2002.03203.x,2002,Nadim Majdalani,"Regulation and mode of action of the second small RNA activator of RpoS translation, RprA",Molecular Microbiology,1,2,Escherichia coli,Site-directed mutagenesis|Translational fusion reporter
PUB-0017,35273147,10.1038/s41467-022-28849-w,2022,Julian Trouillon,The core and accessory Hfq interactomes across Pseudomonas aeruginosa lineages,Nature Communications,3,3,Pseudomonas aeruginosa,Western blot|beta-galactosidase activity assay|rGRIL
PUB-0018,28379505,10.1093/nar/gkx219,2017,Arnaud Tomasini,The RNA targetome of Staphylococcus aureus non-coding RNA RsaA: impact on cell surface properties and defense mechanisms,Nucleic Acids Research,12,12,Staphylococcus aureus,Electrophoretic Mobility Shift Assay|MAP-Seq|RNA footprint|beta-galactosidase activity assay
PUB-0019,33535041,10.1016/j.celrep.2021.108722,2021,Sara Correia Santos,MAPS integrates regulation of actin-targeting effector SteC into the virulence control network of Salmonella small RNA PinT,Cell Reports,2166,3234,Salmonella enterica,Electrophoretic Mobility Shift Assay|MAP-Seq|Translation toeprinting assay|Translational GFP Fusion
PUB-0020,34591974,10.1093/nar/gkab863,2021,Amber B Sauder,A pathogen-specific sRNA influences enterohemorrhagic Escherichia coli fitness and virulence in part by direct interaction with the transcript encoding the ethanolamine utilization regulatory factor EutR,Nucleic Acids Research,214,214,Escherichia coli,Electrophoretic Mobility Shift Assay|MAP-Seq|RNA-Sequencing|Real-Time qRT-PCR|Western blot
PUB-0021,36062564,10.1093/nar/gkac748,2022,Lauren R Walling,A 3' UTR-derived small RNA connecting nitrogen and carbon metabolism in enteric bacteria,Nucleic Acids Research,291,381,Escherichia coli,MAP-Seq|Translational fusion reporter|Western blot
PUB-0022,31504767,10.1093/nar/gkz728,2019,David Lalaouna,RsaC sRNA modulates the oxidative stress response of Staphylococcus aureus during manganese starvation,Nucleic Acids Research,17,17,Staphylococcus aureus,Electrophoretic Mobility Shift Assay|MAP-Seq|RNase footprinting
PUB-0023,30718400,10.1073/pnas.1811589116,2019,In?s Jesus Silva,SraL sRNA interaction regulates the terminator by preventing premature transcription termination of rho mRNA,Proceedings of the National Academy of Sciences of the United States of America,635,635,Salmonella enterica,MAP-Seq|Northern blot|Real-Time qRT-PCR
PUB-0024,30760492,10.15252/embj.201899363,2019,Delphine Bronesky,A multifaceted small RNA modulates gene expression upon glucose limitation in Staphylococcus aureus,The EMBO Journal,67,68,Staphylococcus aureus,Electrophoretic Mobility Shift Assay|MAP-Seq|RNA-Sequencing|Translation toeprinting assay|Translational fusion reporter
PUB-0025,25030700,10.1101/gad.243485.114,2014,Monica S. Guo,"MicL, a new E-dependent sRNA, combats envelope stress by repressing synthesis of Lpp, the major outer membrane lipoprotein",Genes & Development,2,4,Escherichia coli,Deletion mutants analysis|Paired compensatory mutations|Site-directed mutagenesis|Translational fusion reporter
PUB-0026,28794186,10.1101/gad.302547.117,2017,Jiandong Chen,Hfq links translation repression to stress-induced mutagenesis in E. coli,Genes & Development,3,4,Escherichia coli,Northern blot|Paired compensatory mutations|Site-directed mutagenesis|Translational fusion reporter
PUB-0027,34705501,10.1126/sciadv.abi8228,2021,Sivan Pearl Mizrahi,The impact of Hfq-mediated sRNA-mRNA interactome on the virulence of enteropathogenic Escherichia coli,Science Advances,1101,1108,Escherichia coli,RIL-Seq
PUB-0028,35063132,10.1016/j.molcel.2021.12.030,2022,Gianluca Matera,Global RNA interactome of Salmonella discovers a 5' UTR sponge for the MicF small RNA that connects membrane permeability to transport capacity,Molecular Cell,902,902,Salmonella enterica,RIL-Seq
PUB-0029,26240382,10.1093/nar/gkv783,2015,Helene Le Pabic,"A bacterial regulatory RNA attenuates virulence, spread and human host cell phagocytosis",Nucleic Acids Research,1,2,Staphylococcus aureus,Electrophoretic Mobility Shift Assay|Site-directed mutagenesis|Translation toeprinting assay
PUB-0030,28431495,10.1186/s12864-017-3684-8,2017,Lydgia A. Jackson,Iron-regulated small RNA expression as Neisseria gonorrhoeae FA 1090 transitions into stationary phase growth,BMC Genomics,5,5,Neisseria gonorrhoeae,Deletion mutants analysis|Real-Time qRT-PCR
PUB-0031,26176322,10.1080/15476286.2015.1071011,2015,Susanne Sievers,The multicopy sRNA LhrC controls expression of the oligopeptide-binding protein OppA in Listeria monocytogenes,RNA Biology,15,18,Listeria monocytogenes,Deletion mutants analysis|Electrophoretic Mobility Shift Assay|Expression Microarray Assay|Mass Spectrometry|Northern blot|Real-Time qRT-PCR|Secondary structure probing|Site-directed mutagenesis|beta-galactosidase activity assay
PUB-0032,29730297,10.1016/j.biochi.2018.05.001,2018,Daniel Ryan,Biological and regulatory roles of acid-induced small RNA RyeC in Salmonella Typhimurium,Biochimie,1,2,Salmonella enterica,Paired compensatory mutations|Real-Time qRT-PCR|Site-directed mutagenesis|Translational GFP Fusion
PUB-0033,34000511,10.1016/j.micres.2021.126785,2021,Hasmatbanu Buchad,The small RNA SprX regulates the autolysin regulator WalR in Staphylococcus aureus,Microbiological Research,4,5,Staphylococcus aureus,Electrophoretic Mobility Shift Assay|Real-Time qRT-PCR
PUB-0034,34554192,10.1093/nar/gkab782,2021,Kim Boi Le Huyen,A small regulatory RNA alters Staphylococcus aureus virulence by titrating RNAIII activity,Nucleic Acids Research,3,4,Staphylococcus aureus,Electrophoretic Mobility Shift Assay|Paired compensatory mutations|Site-directed mutagenesis|Translational GFP Fusion
PUB-0035,22458297,10.1111/j.1365-2958.2012.08031.x,2012,Colin P Corcoran,"Superfolder GFP reporters validate diverse new mRNA targets of the classic porin regulator, MicF RNA",Molecular Microbiology,5,10,Salmonella enterica,Deletion mutants analysis|Expression Microarray Assay|In vitro RNase E cleavage assay|Paired compensatory mutations|Real-Time qRT-PCR|Secondary structure probing|Site-directed mutagenesis|Translational GFP Fusion
PUB-0036,33002424,10.1016/j.molcel.2020.09.009,2020,Sara K Eisenbart,A Repeat-Associated Small RNA Controls the Major Virulence Factors of Helicobacter pylori,Molecular Cell,6,11,Helicobacter pylori,Electrophoretic Mobility Shift Assay|Mass Spectrometry|Paired compensatory mutations|Secondary structure probing|Site-directed mutagenesis|Translational GFP Fusion
PUB-0037,31907574,10.1007/s00253-019-10278-3,2020,Huan Liu,"Characterization of a cell density-dependent sRNA, Qrr, and its roles in the regulation of the quorum sensing and metabolism in Vibrio alginolyticus",Applied Microbiology and Biotechnology,2,2,Vibrio alginolyticus,Real-Time qRT-PCR|Western blot
PUB-0038,22383560,10.1073/pnas.1119414109,2012,Kai Papenfort,The ancestral SgrS RNA discriminates horizontally acquired Salmonella mRNAs through a single G-U wobble pair,PNAS,6,7,Salmonella enterica,Deletion mutants analysis|Expression Microarray Assay|Northern blot|Paired compensatory mutations|Real-Time qRT-PCR|Site-directed mutagenesis|Translational GFP Fusion|Western blot
PUB-0039,23582330,10.1016/j.cell.2013.03.003,2013,Kai Papenfort,Small RNA-mediated activation of sugar phosphatase mRNA regulates glucose homeostasis,Cell,1,1,Salmonella enterica,Paired compensatory mutations|Real-Time qRT-PCR|Site-directed mutagenesis|Translational GFP Fusion|Western blot
PUB-0040,25826569,10.1080/15476286.2015.1017211,2015,Dharmesh Sabharwal,The VrrA sRNA controls a stationary phase survival factor Vrp of Vibrio cholerae,RNA Biology,1,2,Vibrio cholerae,Deletion mutants analysis|Northern blot|Paired compensatory mutations|Site-directed mutagenesis|Translational GFP Fusion|Western blot
PUB-0041,23841714,10.1111/mmi.12325,2013,Xiaonan Zhao,Post-transcriptional activation of a diguanylate cyclase by quorum sensing small RNAs promotes biofilm formation in Vibrio cholerae,Molecular Microbiology,1,1,Vibrio cholerae,Deletion mutants analysis|Electrophoretic Mobility Shift Assay|Paired compensatory mutations|Site-directed mutagenesis
PUB-0042,25923724,10.1371/journal.pgen.1005153,2015,Marta Robledo,A stress-induced small RNA modulates alpha-rhizobial cell cycle progression,PLOS Genetics,80,83,Sinorhizobium meliloti,Deletion mutants analysis|Expression Microarray Assay|Paired compensatory mutations|Real-Time qRT-PCR|Site-directed mutagenesis|Translational EGFP Fusion
PUB-0043,33172998,10.1128/mbio.01659-20,2020,Liis Andresen,The Small Toxic Salmonella Protein TimP Targets the Cytoplasmic Membrane and Is Repressed by the Small RNA TimR,mBio,1,2,Salmonella enterica,Paired compensatory mutations|Site-directed mutagenesis|Western blot
PUB-0044,26863876,10.1007/s00018-016-2151-z,2016,Andrea Vannini,The cag-pathogenicity island encoded CncR1 sRNA oppositely modulates Helicobacter pylori motility and adhesion to host cells,Cellular and Molecular Life Sciences,69,69,Helicobacter pylori,Deletion mutants analysis|Electrophoretic Mobility Shift Assay|Expression Microarray Assay|RNase footprinting|Real-Time qRT-PCR|Translational fusion reporter
PUB-0045,22428705,10.1111/j.1574-6968.2012.02548.x,2012,Pei Lu,Small non-coding RNA SraG regulates the operon YPK_1206-1205 in Yersinia pseudotuberculosis,FEMS Microbiology Letters,3,4,Yersinia pseudotuberculosis,Deletion mutants analysis|Real-Time qRT-PCR|Site-directed mutagenesis|Translational fusion reporter|Western blot
PUB-0046,28691898,10.1099/mic.0.000484,2017,Pooja Tanwer,Post-transcriptional regulation of target genes by the sRNA FnrS in Neisseria gonorrhoeae,Microbiology,7,10,Neisseria gonorrhoeae,Real-Time qRT-PCR|Site-directed mutagenesis|Translational GFP Fusion
PUB-0047,25785836,10.1371/journal.pone.0120147,2015,Michael-Paul Vockenhuber,Identification of metE as a Second Target of the sRNA scr5239 in Streptomyces coelicolor,PLOS ONE,1,1,Streptomyces coelicolor,Electrophoretic Mobility Shift Assay|Translational fusion reporter
PUB-0048,28947755,10.1038/s41598-017-12507-z,2017,Roberto Pappesch,The Regulatory Small RNA MarS Supports Virulence of Streptococcus pyogenes,Scientific Reports,1,2,Streptococcus pyogenes,Electrophoretic Mobility Shift Assay|Mass Spectrometry|Real-Time qRT-PCR|Site-directed mutagenesis
PUB-0049,23838640,10.1038/emboj.2013.155,2013,Yi Shao,Functional determinants of the quorum-sensing non-coding RNAs and their roles in target regulation,The EMBO Journal,64,64,Vibrio campbellii,Expression Microarray Assay|Real-Time qRT-PCR|Translational GFP Fusion
PUB-0050,23772063,10.1128/jb.00162-13,2013,Tomotaka Tanabe,The Vibrio parahaemolyticus small RNA RyhB promotes production of the siderophore vibrioferrin by stabilizing the polycistronic mRNA,Journal of Bacteriology,1,2,Vibrio parahaemolyticus,CAS Assay|Electrophoretic Mobility Shift Assay
PUB-0051,9774350,10.1093/emboj/17.20.6069,1998,Shoshy Altuvia,The Escherichia coli OxyS regulatory RNA represses fhlA translation by blocking ribosome binding,The EMBO Journal,2,3,Escherichia coli,Deletion mutants analysis|Random mutagenesis|Site-directed mutagenesis|Translation toeprinting assay|Translational fusion reporter
PUB-0052,26494284,10.1073/pnas.1508412112,2015,Stephan Klahn,The sRNA NsiR4 is involved in nitrogen assimilation control in cyanobacteria by targeting glutamine synthetase inactivating factor IF7,PNAS,2,4,Synechocystis sp. PCC 6803,Expression Microarray Assay|Paired compensatory mutations|Site-directed mutagenesis|Translational GFP Fusion
PUB-0053,20802038,10.1128/jb.00464-10,2010,Colleen A McCullen,Mechanism of Positive Regulation by DsrA and RprA Small Noncoding RNAs: Pairing Increases Translation and Protects rpoS mRNA from Degradation,Journal of bacteriology,2,2,Escherichia coli,Northern blot|Paired compensatory mutations|Site-directed mutagenesis|Western blot
PUB-0054,33164661,10.1080/15476286.2020.1846388,2021,Siqi Li,Bioinformatic prediction reveals posttranscriptional regulation of the chromosomal replication initiator gene dnaA by the attenuator sRNA rnTrpL in Escherichia coli,RNA Biology,3,4,Escherichia coli,Northern blot|Paired compensatory mutations|Real-Time qRT-PCR|Site-directed mutagenesis|Translational EGFP Fusion
PUB-0055,24735725,10.1016/j.febslet.2014.04.005,2014,Pei Lu,A cis-encoded sRNA controls the expression of fabH2 in Yersinia,FEBS Letters,1,1,Yersinia pseudotuberculosis,Deletion mutants analysis|Real-Time qRT-PCR
PUB-0056,32366051,10.3390/ijms21093200,2020,Lihua Gao,The Novel ncRNA OsiR Positively Regulates Expression of katE2 and Is Required for Oxidative Stress Tolerance in Deinococcus radiodurans,International Journal of Molecular Sciences,1,2,Deinococcus radiodurans,MicroScale Thermophoresis analysis|Paired compensatory mutations|Real-Time qRT-PCR|Site-directed mutagenesis|Western blot
PUB-0057,18681937,10.1111/j.1365-2958.2008.06392.x,2008,Tianyan Song,A new Vibrio cholerae sRNA modulates colonization and affects release of outer membrane vesicles,Molecular Microbiology,1,2,Vibrio cholerae,Northern blot|Translation toeprinting assay|Western blot
PUB-0058,20532214,10.1371/journal.ppat.1000932,2010,Svetlana Chabelskaya,A Staphylococcus aureus small RNA is required for bacterial virulence and regulates the expression of an immune-evasion molecule,PLOS Pathogens,2,3,Staphylococcus aureus,Deletion mutants analysis|Electrophoretic Mobility Shift Assay|Translation toeprinting assay|Western blot
PUB-0059,29440476,10.1261/rna.063248.117,2018,Emily L. Gulliver,Determination of the small RNA GcvB regulon in the Gram-negative bacterial pathogen Pasteurella multocida and identification of the GcvB seed binding region,RNA,1,1,Pasteurella multocida,Paired compensatory mutations|Site-directed mutagenesis|Translational GFP Fusion
PUB-0060,30674910,10.1038/s41598-018-36488-9,2019,Anuja Malgaonkar,Quorum sensing in Pseudomonas aeruginosa mediated by RhlR is regulated by a small RNA PhrD,Scientific Reports,1,2,Pseudomonas aeruginosa,Real-Time qRT-PCR|Translational fusion reporter
PUB-0061,27438010,10.1007/s00430-016-0467-9,2016,Manikandan Kathirvel,Enhancement of the pathogenicity of Staphylococcus aureus strain Newman by a small noncoding RNA SprX1,Medical Microbiology and Immunology,2,3,Staphylococcus aureus,Electrophoretic Mobility Shift Assay|Real-Time qRT-PCR
PUB-0062,32133913,10.1080/15476286.2020.1733801,2020,Cedric Romilly,Small RNAs OmrA and OmrB promote class III flagellar gene expression by inhibiting the synthesis of anti-Sigma factor FlgM,RNA Biology,6,8,Escherichia coli,Paired compensatory mutations|RNA footprint|Site-directed mutagenesis|Translation toeprinting assay|Translational GFP Fusion|Western blot
PUB-0063,21375594,10.1111/j.1365-2958.2011.07620.x,2011,Elisabeth Sonnleitner,The small RNA PhrS stimulates synthesis of the Pseudomonas aeruginosa quinolone signal,Molecular Microbiology,54,55,Pseudomonas aeruginosa,Expression Microarray Assay|Site-directed mutagenesis|Translational fusion reporter
PUB-0064,19118351,10.1099/mic.0.023598-0,2009,Sarah C. Pulvermacher,Role of the sRNA GcvB in regulation of cycA in Escherichia coli,Microbiology,68,69,Escherichia coli,Expression Microarray Assay|Real-Time qRT-PCR|Transcriptional fusion reporter|Translational fusion reporter
PUB-0065,30319578,10.3389/fmicb.2018.02267,2018,Isidro Alvarez-Escribano,"NsrR1, a Nitrogen Stress-Repressed sRNA, Contributes to the Regulation of nblA in Nostoc sp. PCC 7120",Frontiers in Microbiology,1,2,Nostoc sp. PCC 7120 = FACHB-418,Northern blot|Paired compensatory mutations|RNA footprint|Site-directed mutagenesis|Translational GFP Fusion
PUB-0066,22229925,10.1111/j.1365-2958.2011.07959.x,2012,Yi Shao,Quorum-sensing non-coding small RNAs use unique pairing regions to differentially control mRNA targets,Molecular Microbiology,7,9,Vibrio campbellii|Vibrio cholerae,Paired compensatory mutations|Site-directed mutagenesis|Translational GFP Fusion|Western blot
PUB-0067,17351036,10.1128/jb.01890-06,2007,J. R. Mellin,"A novel fur- and iron-regulated small RNA, NrrF, is required for indirect fur-mediated regulation of the sdhA and sdhC genes in Neisseria meningitidis",Journal of Bacteriology,2,2,Neisseria meningitidis,Real-Time qRT-PCR
PUB-0068,28904860,10.1002/2211-5463.12266,2017,Yvonne Pannekoek,"Regulation of Neisseria meningitidis cytochrome bc1 components by NrrF, a Fur-controlled small noncoding RNA",FEBS Open Bio,1,2,Neisseria meningitidis,Site-directed mutagenesis|Translational GFP Fusion|Western blot
PUB-0069,29039505,10.3892/mmr.2017.7751,2017,Wenhui Zhu,Characterization of acid-tolerance-associated small RNAs in clinical isolates of Streptococcus mutans: Potential biomarkers for caries prevention,Molecular Medicine Reports,3,3,Streptococcus mutans,Real-Time qRT-PCR
PUB-0070,22272603,10.1186/1471-2164-13-37,2012,Geir A Hansen,Expression profiling reveals Spot 42 small RNA as a key regulator in the central metabolism of Aliivibrio salmonicida,BMC Genomics,61,61,Aliivibrio salmonicida,Expression Microarray Assay|Northern blot
PUB-0071,25356775,10.1371/journal.pgen.1004765,2014,Juan J. Quereda,The Listeria Small RNA Rli27 Regulates a Cell Wall Protein inside Eukaryotic Cells by Targeting a Long 5'-UTR Variant,PLOS Genetics,1,1,Listeria monocytogenes,Electrophoretic Mobility Shift Assay|Paired compensatory mutations|Site-directed mutagenesis|Western blot
PUB-0072,27112796,10.1038/srep25123,2016,Zhijun Zhong,Large-scale identification of small noncoding RNA with strand-specific deep sequencing and characterization of a novel virulence-related sRNA in Brucella melitensis,Scientific Reports,5,5,Brucella melitensis,Real-Time qRT-PCR
PUB-0073,33139881,10.1038/s41564-020-00797-5,2020,Nick Neubacher,"Symbiosis, virulence and natural-product biosynthesis in entomopathogenic bacteria are regulated by a small RNA",Nature Microbiology,2,2,Photorhabdus laumondii|Xenorhabdus szentirmaii,High performance liquid chromatography mass spectrometry|Paired compensatory mutations|Site-directed mutagenesis|Translational GFP Fusion
PUB-0074,32799414,doi.org/10.1111/febs.15516,2020,Isidro Alvarez-Escribano,"NsiR3, a nitrogen stress-inducible small RNA, regulates proline oxidase expression in the cyanobacterium Nostoc sp. PCC 7120",The FEBS Journal,1,1,Nostoc sp. PCC 7120 = FACHB-418,Northern blot|Paired compensatory mutations|Site-directed mutagenesis|Translational GFP Fusion
PUB-0075,30870530,10.1371/journal.ppat.1007618,2019,Sonja M. K. Schoenfelder,The small non-coding RNA RsaE influences extracellular matrix composition in Staphylococcus epidermidis biofilm communities,PLOS Pathogens,4,5,Staphylococcus epidermidis,Electrophoretic Mobility Shift Assay|Northern blot|Site-directed mutagenesis
PUB-0076,22988125,10.1073/pnas.1207067109,2012,Nils N Mank,Regulation of bacterial photosynthesis genes by the small noncoding RNA PcrZ,Proceedings of the National Academy of Sciences of the United States of America,9,11,Cereibacter sphaeroides,Expression Microarray Assay|Paired compensatory mutations|Real-Time qRT-PCR|Site-directed mutagenesis|Translational fusion reporter
PUB-0077,17590231,10.1111/j.1365-2958.2007.05796.x,2007,Brigid M Davis,"RNase E-dependent processing stabilizes MicX, a Vibrio cholerae sRNA",Molecular Microbiology,3,4,Vibrio cholerae,Expression Microarray Assay|Northern blot|Transcriptional fusion reporter|Translational fusion reporter
PUB-0078,30033661,10.1111/1462-2920.14360,2018,Inmaculada Garcia-Romero,"SuhB, a small non-coding RNA involved in catabolite repression of tetralin degradation genes in Sphingopyxis granuli strain TFA",Environmental microbiology,2,3,Sphingopyxis granuli,Electrophoretic Mobility Shift Assay|Translational GFP Fusion|Translational fusion reporter|Western blot
PUB-0079,17608792,10.1111/j.1365-2958.2007.05829.x,2007,Lionello Bossi,A small RNA downregulates LamB maltoporin in Salmonella,Molecular microbiology,1,1,Salmonella enterica,Northern blot|Paired compensatory mutations|Site-directed mutagenesis|beta-galactosidase activity assay
PUB-0080,18399940,10.1111/j.1365-2958.2008.06189.x,2008,Kai Papenfort,"Systematic deletion of Salmonella small RNA genes identifies CyaR, a conserved CRP-dependent riboregulator of OmpX synthesis",Molecular microbiology,1,2,Salmonella enterica,Expression Microarray Assay|Northern blot|Paired compensatory mutations|Site-directed mutagenesis|Translational GFP Fusion|Western blot
PUB-0081,34768965,10.3390/ijms222111536,2021,Artem Grigorov,Small RNA F6 Provides Mycobacterium smegmatis Entry into Dormancy,International journal of molecular sciences,5,6,Mycolicibacterium smegmatis,Paired compensatory mutations|Real-Time qRT-PCR|Site-directed mutagenesis|Translational GFP Fusion|Western blot
PUB-0082,17576690,10.1093/nar/gkm439,2007,Nadja Heidrich,In vitro analysis of the interaction between the small RNA SR1 and its primary target ahrC mRNA,Nucleic Acids Research,1,1,Bacillus subtilis,Electrophoretic Mobility Shift Assay|Paired compensatory mutations|Site-directed mutagenesis|Translation toeprinting assay|Translational fusion reporter
PUB-0083,21696468,10.1111/j.1365-2958.2011.07751.x,2011,Cynthia M Sharma,Pervasive post-transcriptional control of genes involved in amino acid metabolism by the Hfq-dependent GcvB small RNA,Molecular microbiology,58,71,Salmonella enterica,Colony fluorescence assay|Expression Microarray Assay|Flow cytometry|Northern blot|Secondary structure probing|Translation toeprinting assay|Western blot
PUB-0084,29728392,10.1128/aem.00597-18,2018,Alexander J Jones,Small and Low but Potent: the Complex Regulatory Role of the Small RNA SolB in Solventogenesis in Clostridium acetobutylicum,Applied and environmental microbiology,4,4,Clostridium acetobutylicum,Northern blot|Real-Time qRT-PCR|Western blot
PUB-0085,34554453,10.1007/s12275-021-1205-6,2021,Niralee Patel,The small RNA RsaF regulates the expression of secreted virulence factors in Staphylococcus aureus Newman,"Journal of microbiology (Seoul, Korea)",2,2,Staphylococcus aureus,Electrophoretic Mobility Shift Assay|Real-Time qRT-PCR
PUB-0086,27381272,10.1111/mmi.13458,2016,Pei Lu,RpoS-dependent sRNA RgsA regulates Fis and AcpP in Pseudomonas aeruginosa,Molecular microbiology,2,4,Pseudomonas aeruginosa,Real-Time qRT-PCR|Translational fusion reporter
PUB-0087,22581788,10.1002/jobm.201100426,2012,Mu Chunhua,The expression of LytM is down-regulated by RNAIII in Staphylococcus aureus,Journal of basic microbiology,1,2,Staphylococcus aureus,Real-Time qRT-PCR|Site-directed mutagenesis|Western blot|beta-galactosidase activity assay
PUB-0088,27057757,10.1371/journal.pgen.1005975,2016,Tal Hershko-Shalev,Gifsy-1 Prophage IsrK with Dual Function as Small and Messenger RNA Modulates Vital Bacterial Machineries,PLoS genetics,2,2,Salmonella enterica,Real-Time qRT-PCR
PUB-0089,30602583,10.1128/mbio.02504-18,2019,Alexander J Westermann,The Major RNA-Binding Protein ProQ Impacts Virulence Gene Expression in Salmonella enterica Serovar Typhimurium,mBio,1,2,Salmonella enterica,Translational GFP Fusion|Western blot|sRNA pulse expression
PUB-0090,30165530,10.1093/nar/gky765,2018,Kathrin S Frohlich,Post-transcriptional gene regulation by an Hfq-independent small RNA in Caulobacter crescentus,Nucleic acids research,1,2,Caulobacter vibrioides,Expression Microarray Assay|Paired compensatory mutations|Real-Time qRT-PCR|Site-directed mutagenesis|Translational GFP Fusion|Western blot
PUB-0091,24489123,10.1093/nar/gku098,2014,Valerie Bordeau,Curli synthesis and biofilm formation in enteric bacteria are controlled by a dynamic small RNA module made up of a pseudoknot assisted by an RNA chaperone,Nucleic acids research,3,4,Escherichia coli,Deletion mutants analysis|Northern blot|Translation toeprinting assay|Western blot
PUB-0092,29507088,10.1128/jb.00704-17,2018,Louise Djapgn,The Pseudomonas aeruginosa PrrF1 and PrrF2 Small Regulatory RNAs Promote 2-Alkyl-4-Quinolone Production through Redundant Regulation of the antR mRNA,Journal of bacteriology,1,1,Pseudomonas aeruginosa,Electrophoretic Mobility Shift Assay
PUB-0093,31451541,10.1128/jb.00524-19,2019,Shaun Wachter,"A CsrA-Binding, trans-Acting sRNA of Coxiella burnetii Is Necessary for Optimal Intracellular Growth and Vacuole Formation during Early Infection of Host Cells",Journal of bacteriology,3,5,Coxiella burnetii,Electrophoretic Mobility Shift Assay|Real-Time qRT-PCR|Translational fusion reporter|Western blot
PUB-0094,30531898,10.1038/s41598-018-35784-8,2018,Carsten Kroger,The small RNA RssR regulates myo-inositol degradation by Salmonella enterica,Scientific Reports,1,2,Salmonella enterica,Deletion mutants analysis|Real-Time qRT-PCR|SPR spectroscopy|Translational GFP Fusion
PUB-0095,20511587,10.1093/nar/gkq462,2010,Chantal Bohn,Experimental discovery of small RNAs in Staphylococcus aureus reveals a riboregulator of central metabolism,Nucleic Acids Research,24,24,Staphylococcus aureus,Electrophoretic Mobility Shift Assay|Expression Microarray Assay|Real-Time qRT-PCR|Translation toeprinting assay
PUB-0096,20595045,10.1016/j.jmb.2010.05.061,2010,Tianyan Song,VrrA mediates Hfq-dependent regulation of OmpT synthesis in Vibrio cholerae,Journal of Molecular Biology,1,2,Vibrio cholerae,Paired compensatory mutations|Site-directed mutagenesis|Western blot
PUB-0097,31877996,10.3390/biom10010022,2019,Dong Xue,A Novel Noncoding RNA dsr11 Involved in Heat Stress Tolerance in Deinococcus radiodurans,Biomolecules,2,2,Deinococcus radiodurans,MicroScale Thermophoresis analysis
PUB-0098,23071807,10.1371/journal.pone.0047439,2012,Jeremiah Tattersall,Translation inhibition of the developmental cycle protein HctA by the small RNA IhtA is conserved across Chlamydia,PLoS One,5,5,Chlamydia caviae|Chlamydia muridarum|Chlamydia pneumoniae|Chlamydia trachomatis,Bio-layer interferometry
PUB-0099,29473822,10.1099/mic.0.000632,2018,Pei Lu,"RgsA, an RpoS-dependent sRNA, negatively regulates rpoS expression in Pseudomonas aeruginosa","Microbiology (Reading, England)",1,2,Pseudomonas aeruginosa,Deletion mutants analysis|Real-Time qRT-PCR|Western blot|beta-galactosidase activity assay
PUB-0100,31865097,10.1016/j.micres.2019.126391,2020,Yang Zhang,"Characterization the role of GacA-dependent small RNAs and RsmA family proteins on 2,4-diacetylphloroglucinol production in Pseudomonas fluorescens 2P24",Microbiological Research,1,1,Pseudomonas fluorescens,Translational fusion reporter
PUB-0101,23657681,10.1099/mic.0.066688-0,2013,Yong Heon Lee,"RaoN, a small RNA encoded within Salmonella pathogenicity island-11, confers resistance to macrophage-induced stress","Microbiology (Reading, England)",2,2,Salmonella enterica,Expression Microarray Assay|Immunoblotting|Northern blot|Real-Time qRT-PCR
PUB-0102,34478554,10.1093/nar/gkab747,2021,Inam Ul Haq,A new role for SR1 from Bacillus subtilis: regulation of sporulation by inhibition of kinA translation,Nucleic Acids Research,1,2,Bacillus subtilis,Electrophoretic Mobility Shift Assay|Paired compensatory mutations|Site-directed mutagenesis|Translational fusion reporter
PUB-0103,19387634,10.1007/s00253-009-2002-z,2009,Rajkumar Pyla,Overproduction of poly-beta-hydroxybutyrate in the Azotobacter vinelandii mutant that does not express small RNA ArrF,Applied Microbiology and Biotechnology,4,4,Azotobacter vinelandii,Real-Time qRT-PCR
PUB-0104,31138749,10.1128/mbio.00757-19,2019,Jeffrey K Schachterle,The Leucine-Responsive Regulatory Protein Lrp Participates in Virulence Regulation Downstream of Small RNA ArcZ in Erwinia amylovora,mBio,1,2,Erwinia amylovora,Real-Time qRT-PCR|Translational GFP Fusion
PUB-0105,30873665,10.1111/mmi.14238,2019,Maike F Lerch,A non-coding RNA from the intercellular adhesion (ica) locus of Staphylococcus epidermidis controls polysaccharide intercellular adhesion (PIA)-mediated biofilm formation,Molecular microbiology,1,2,Staphylococcus epidermidis,Electrophoretic Mobility Shift Assay|Mass Spectrometry
PUB-0106,19732340,10.1111/j.1365-2958.2009.06857.x,2009,Kai Papenfort,"Specific and pleiotropic patterns of mRNA regulation by ArcZ, a conserved, Hfq-dependent small RNA",Molecular microbiology,9,12,Salmonella enterica,Expression Microarray Assay|Paired compensatory mutations|Site-directed mutagenesis|Translational GFP Fusion|Western blot|sRNA pulse expression
PUB-0107,23082228,10.1371/journal.pone.0047896,2012,Christian G Ramos,The novel cis-encoded small RNA h2cR is a negative regulator of hfq2 in Burkholderia cenocepacia,PLoS One,1,2,Burkholderia cenocepacia,Deletion mutants analysis|Electrophoretic Mobility Shift Assay|Northern blot|Western blot
PUB-0108,27834404,10.1038/srep36728,2016,Hema P Narra,Small Regulatory RNAs of Rickettsia conorii,Scientific Reports,1,2,Rickettsia conorii,Deletion mutants analysis|Electrophoretic Mobility Shift Assay
PUB-0109,24532772,10.1128/jb.01456-13,2014,Chelsea A Schiano,Genome-wide analysis of small RNAs expressed by Yersinia pestis identifies a regulator of the Yop-Ysc type III secretion system,Journal of Bacteriology,1,1,Yersinia pestis,Translational GFP Fusion
PUB-0110,29263111,10.1128/iai.00894-17,2018,Chiaki Ota,Streptococcus sanguinis Noncoding cia-Dependent Small RNAs Negatively Regulate Expression of Type IV Pilus Retraction ATPase PilT and Biofilm Formation,Infection and Immunity,2,3,Streptococcus sanguinis,Deletion mutants analysis|Electrophoretic Mobility Shift Assay|Translational fusion reporter
PUB-0111,19850757,10.1093/bioinformatics/btp609,2010,Andreas S Richter,Seed-based INTARNA prediction combined with GFP-reporter system identifies mRNA targets of the small RNA Yfr1,Bioinformatics,2,2,Prochlorococcus marinus,Site-directed mutagenesis|Translational fusion reporter
PUB-0112,36482060,10.1038/s41467-022-35261-x,2022,Michaela Huber,An RNA sponge controls quorum sensing dynamics and biofilm formation in Vibrio cholerae,Nature Communications,3055,3091,Vibrio cholerae,RIL-Seq
PUB-0113,37285605,10.1073/pnas.2218407120,2023,Michael J Gebhardt,Hfq-licensed RNA-RNA interactome in Pseudomonas aeruginosa reveals a keystone sRNA,Proceedings of the National Academy of Sciences of the United States of America,1167,1484,Pseudomonas aeruginosa,Paired compensatory mutations|RIL-Seq|RNA-Sequencing|Real-Time qRT-PCR|Site-directed mutagenesis|Translational fusion reporter|Western blot
