fecha,fuente,consulta_id,n_resultados,estado,consulta
2026-09-29,pubmed,pm_general,603,ok,"(""small RNA""[tiab] OR sRNA*[tiab] OR ""regulatory RNA""[tiab] OR ""noncoding RNA""[tiab] OR ""non-coding RNA""[tiab]) AND (bacteri*[tiab] OR Bacteria[MeSH]) AND (target*[tiab] OR ""base pairing""[tiab] OR ""base-pairing""[tiab] OR ""RNA-RNA interaction*""[tiab] OR interactome[tiab] OR Hfq[tiab] OR ProQ[tiab]) NOT (review[pt] OR ""systematic review""[pt])"
2026-09-29,pubmed,pm_metodo,54,ok,"(""RIL-seq""[tiab] OR ""iRIL-seq""[tiab] OR CLASH[tiab] OR ""GRIL-seq""[tiab] OR ""Hi-GRIL-seq""[tiab] OR ""LIGR-seq""[tiab] OR ""MAPS""[tiab] OR ""MS2 affinity purification""[tiab] OR ""RNA interactome""[tiab] OR ""RNA-RNA interactome""[tiab] OR ""proximity ligation""[tiab]) AND (""small RNA""[tiab] OR sRNA*[tiab] OR ""regulatory RNA""[tiab] OR ""noncoding RNA""[tiab] OR Hfq[tiab] OR ProQ[tiab]) AND ((bacteri*[tiab] OR Bacteria[MeSH]) OR CsrA[tiab] OR ""RNase E""[tiab])"
2026-09-29,pubmed,pm_org_baumannii,16,ok,"""Acinetobacter baumannii""[tiab] AND (""small RNA""[tiab] OR sRNA*[tiab] OR ""regulatory RNA""[tiab] OR ""noncoding RNA""[tiab] OR ""non-coding RNA""[tiab]) AND ((target*[tiab] OR ""base pairing""[tiab] OR ""base-pairing""[tiab] OR ""RNA-RNA interaction*""[tiab] OR interactome[tiab] OR Hfq[tiab] OR ProQ[tiab]) OR regulat*[tiab]) NOT (review[pt] OR ""systematic review""[pt])"
2026-09-29,pubmed,pm_org_faecium,3,ok,"""Enterococcus faecium""[tiab] AND (""small RNA""[tiab] OR sRNA*[tiab] OR ""regulatory RNA""[tiab] OR ""noncoding RNA""[tiab] OR ""non-coding RNA""[tiab]) AND ((target*[tiab] OR ""base pairing""[tiab] OR ""base-pairing""[tiab] OR ""RNA-RNA interaction*""[tiab] OR interactome[tiab] OR Hfq[tiab] OR ProQ[tiab]) OR regulat*[tiab]) NOT (review[pt] OR ""systematic review""[pt])"
2026-09-29,pubmed,pm_org_enterobacter,2,ok,"""Enterobacter""[tiab] AND (""small RNA""[tiab] OR sRNA*[tiab] OR ""regulatory RNA""[tiab] OR ""noncoding RNA""[tiab] OR ""non-coding RNA""[tiab]) AND ((target*[tiab] OR ""base pairing""[tiab] OR ""base-pairing""[tiab] OR ""RNA-RNA interaction*""[tiab] OR interactome[tiab] OR Hfq[tiab] OR ProQ[tiab]) OR regulat*[tiab]) NOT (review[pt] OR ""systematic review""[pt])"
2026-09-29,pubmed,pm_org_aureus,63,ok,"""Staphylococcus aureus""[tiab] AND (""small RNA""[tiab] OR sRNA*[tiab] OR ""regulatory RNA""[tiab] OR ""noncoding RNA""[tiab] OR ""non-coding RNA""[tiab]) AND ((target*[tiab] OR ""base pairing""[tiab] OR ""base-pairing""[tiab] OR ""RNA-RNA interaction*""[tiab] OR interactome[tiab] OR Hfq[tiab] OR ProQ[tiab]) OR regulat*[tiab]) NOT (review[pt] OR ""systematic review""[pt])"
2026-09-29,pubmed,pm_org_pneumoniae,15,ok,"""Klebsiella pneumoniae""[tiab] AND (""small RNA""[tiab] OR sRNA*[tiab] OR ""regulatory RNA""[tiab] OR ""noncoding RNA""[tiab] OR ""non-coding RNA""[tiab]) AND ((target*[tiab] OR ""base pairing""[tiab] OR ""base-pairing""[tiab] OR ""RNA-RNA interaction*""[tiab] OR interactome[tiab] OR Hfq[tiab] OR ProQ[tiab]) OR regulat*[tiab]) NOT (review[pt] OR ""systematic review""[pt])"
2026-09-29,pubmed,pm_org_aeruginosa,69,ok,"""Pseudomonas aeruginosa""[tiab] AND (""small RNA""[tiab] OR sRNA*[tiab] OR ""regulatory RNA""[tiab] OR ""noncoding RNA""[tiab] OR ""non-coding RNA""[tiab]) AND ((target*[tiab] OR ""base pairing""[tiab] OR ""base-pairing""[tiab] OR ""RNA-RNA interaction*""[tiab] OR interactome[tiab] OR Hfq[tiab] OR ProQ[tiab]) OR regulat*[tiab]) NOT (review[pt] OR ""systematic review""[pt])"
2026-09-29,pubmed,pm_org_tuberculosis,49,ok,"""Mycobacterium tuberculosis""[tiab] AND (""small RNA""[tiab] OR sRNA*[tiab] OR ""regulatory RNA""[tiab] OR ""noncoding RNA""[tiab] OR ""non-coding RNA""[tiab]) AND ((target*[tiab] OR ""base pairing""[tiab] OR ""base-pairing""[tiab] OR ""RNA-RNA interaction*""[tiab] OR interactome[tiab] OR Hfq[tiab] OR ProQ[tiab]) OR regulat*[tiab]) NOT (review[pt] OR ""systematic review""[pt])"
2026-09-29,pubmed_citedin,citas_alto_rend,655,ok,citan a 25 trabajos de alto rendimiento de la base
2026-09-29,europepmc,epmc_metodo_texto,154,ok,"(""RIL-seq"" OR ""iRIL-seq"" OR ""GRIL-seq"" OR ""Hi-GRIL-seq"" OR ""LIGR-seq"" OR ""Hfq CLASH"" OR ""RNase E CLASH"" OR ""MS2 affinity purification"") AND (""small RNA"" OR sRNA) AND (Hfq OR ProQ OR bacteria OR bacterial) AND PUB_YEAR:[2022 TO 2026]"
2026-09-29,europepmc,epmc_preprints,85,ok,"(ABSTRACT:""small RNA"" OR ABSTRACT:sRNA OR ABSTRACT:""regulatory RNA"") AND (ABSTRACT:bacteria OR ABSTRACT:bacterial OR ABSTRACT:Hfq OR ABSTRACT:ProQ) AND (ABSTRACT:target OR ABSTRACT:targets OR ABSTRACT:""base pairing"" OR ABSTRACT:interactome) AND SRC:PPR AND PUB_YEAR:[2022 TO 2026]"
