genome_id,strain_id,accession_raw,n_replicons,has_multiple_assemblies,data_batch
GEN-0001,STR-0001,NC_002695.1,1,0,curado
GEN-0002,STR-0002,NC_000913.3,1,0,curado
GEN-0003,STR-0003,NC_002516.2,1,0,curado
GEN-0004,STR-0004,NC_000964.3,1,0,curado
GEN-0005,STR-0005,NC_002505.1,1,1,curado
GEN-0006,STR-0006,NC_008463,1,0,curado
GEN-0007,STR-0007,NZ_CP041354.1,1,0,curado
GEN-0008,STR-0008,NZ_CP018205.1,1,0,curado
GEN-0009,STR-0009,NC_016810.1,1,1,curado
GEN-0010,STR-0010,NZ CP008957.1,1,0,curado
GEN-0011,STR-0011,NC_011601.1,1,0,curado
GEN-0012,STR-0012,NC_009641.1,1,0,curado
GEN-0013,STR-0013,NC_002946.2,1,0,curado
GEN-0014,STR-0014,NC_003210.1,1,0,curado
GEN-0015,STR-0009,NC_003197.2;NC_003277.2,2,1,curado
GEN-0016,STR-0015,NC_007795.1,1,0,curado
GEN-0017,STR-0016,NC_011334.1,1,0,curado
GEN-0018,STR-0017,NC_018939.1,1,0,curado
GEN-0019,STR-0018,GCA_001273715.1,1,0,curado
GEN-0020,STR-0019,,0,0,curado
GEN-0021,STR-0005,NZ_CP046844.1;NZ_CP046845.1,2,1,curado
GEN-0022,STR-0020,NC_020528.1;NC_020527.1;NC_020560.1,3,0,curado
GEN-0023,STR-0021,NZ_CP009792.1,1,0,curado
GEN-0024,STR-0022,NZ_AP023069.1;NZ_AP023070.1,2,0,curado
GEN-0025,STR-0023,,0,0,curado
GEN-0026,STR-0024,NZ_CP077685.1,1,0,curado
GEN-0027,STR-0025,NC_009783.1,1,0,curado
GEN-0028,STR-0026,NC_004603.1;NC_004605.1,2,0,curado
GEN-0029,STR-0027,NC_000913.3,1,0,curado
GEN-0030,STR-0028,,0,0,curado
GEN-0031,STR-0029,,0,0,curado
GEN-0032,STR-0030,NC_002745.2;NC_003140.1,2,0,curado
GEN-0033,STR-0031,NZ_CP101124.1,1,0,curado
GEN-0034,STR-0032,NZ_CP048792.1,1,0,curado
GEN-0035,STR-0033,NZ_CP037857.1,1,0,curado
GEN-0036,STR-0034,NC_000913.3,1,0,curado
GEN-0037,STR-0035,NC_003272.1,1,0,curado
GEN-0038,STR-0036,GCA_000237785.2,1,0,curado
GEN-0039,STR-0037,NZ_CP021520.1,1,0,curado
GEN-0040,STR-0038,NC_017516.1,1,0,curado
GEN-0041,STR-0039,NC_004350.2,1,0,curado
GEN-0042,STR-0040,NC_011312.1;NC_011313.1;NC_011316.1;NC_011315.1;NC_011314.1;NC_011311.1,6,0,curado
GEN-0043,STR-0041,NC_003210.1,1,0,curado
GEN-0044,STR-0042,NC_003317.1;NC_003318.1,2,0,curado
GEN-0045,STR-0043,NC_005126.1,1,0,curado
GEN-0046,STR-0044,NZ_NIBV01000001.1,1,0,curado
GEN-0047,STR-0045,NC_002976.3,1,0,curado
GEN-0048,STR-0046,NZ_CP030271.1;NZ_CP030272.1;NZ_CP030273.1;NZ_CP030274.1;NZ_CP030275.1;NZ_CP030276.1,6,0,curado
GEN-0049,STR-0047,NZ_LT906614.1;NZ_LT906615.1,2,0,curado
GEN-0050,STR-0048,NZ_CP019153.1,1,0,curado
GEN-0051,STR-0049,NC_003197.2;NC_003277.2,2,0,curado
GEN-0052,STR-0050,NC_008596.1,1,0,curado
GEN-0053,STR-0051,NC_000964.3,1,0,curado
GEN-0054,STR-0052,NC_003030.1,1,0,curado
GEN-0055,STR-0053,,0,0,curado
GEN-0056,STR-0054,NC_011916.1,1,0,curado
GEN-0057,STR-0055,NC_002971.4;NC_004704.2,2,0,curado
GEN-0058,STR-0056,NC_003197.2;NC_003277.2,2,0,curado
GEN-0059,STR-0057,NC_000117.1,1,0,curado
GEN-0060,STR-0058,NC_021050.1;NC_021051.1,2,0,curado
GEN-0061,STR-0059,NC_002179.2,1,0,curado
GEN-0062,STR-0060,NC_002620.2;NC_002182.1,2,0,curado
GEN-0063,STR-0061,NC_003361.3;NC_004720.1,2,0,curado
GEN-0064,STR-0062,,0,0,curado
GEN-0065,STR-0063,NC_016863.1;NC_016864.1,2,0,curado
GEN-0066,STR-0064,NC_012560.1,1,0,curado
GEN-0067,STR-0065,NC_013961.1,1,0,curado
GEN-0068,STR-0066,NZ_CP040883.1,1,0,curado
GEN-0069,STR-0067,NC_011000.1;NC_011001.1;NC_011002.1;NC_011003.1,4,0,curado
GEN-0070,STR-0068,NC_003103.1,1,0,curado
GEN-0071,STR-0069,NC_017168.1;NC_017169.1;NC_017170.1,3,0,curado
GEN-0072,STR-0070,NZ_GL878507.1,1,0,curado
GEN-0073,STR-0071,NC_005072.1,1,0,curado
GEN-0074,STR-0072,NZ_CP025080.1,1,0,genoma_nuevo
