genome_publication_id,genome_id,publication_id,n_evidences,link_source,status
GPB-00001,GEN-0001,PUB-0001,884,derivada_de_studies,publicada
GPB-00002,GEN-0002,PUB-0010,10474,derivada_de_studies,publicada
GPB-00003,GEN-0002,PUB-0005,6400,derivada_de_studies,publicada
GPB-00004,GEN-0002,PUB-0003,3116,derivada_de_studies,publicada
GPB-00005,GEN-0002,PUB-0002,2730,derivada_de_studies,publicada
GPB-00006,GEN-0002,PUB-0011,2544,derivada_de_studies,publicada
GPB-00007,GEN-0002,PUB-0004,556,derivada_de_studies,publicada
GPB-00008,GEN-0002,PUB-0021,382,derivada_de_studies,publicada
GPB-00009,GEN-0002,PUB-0008,34,derivada_de_studies,publicada
GPB-00010,GEN-0002,PUB-0009,25,derivada_de_studies,publicada
GPB-00011,GEN-0002,PUB-0006,19,derivada_de_studies,publicada
GPB-00012,GEN-0002,PUB-0007,13,derivada_de_studies,publicada
GPB-00013,GEN-0002,PUB-0054,10,derivada_de_studies,publicada
GPB-00014,GEN-0002,PUB-0025,8,derivada_de_studies,publicada
GPB-00015,GEN-0002,PUB-0053,8,derivada_de_studies,publicada
GPB-00016,GEN-0002,PUB-0026,7,derivada_de_studies,publicada
GPB-00017,GEN-0002,PUB-0091,7,derivada_de_studies,publicada
GPB-00018,GEN-0002,PUB-0016,2,derivada_de_studies,publicada
GPB-00019,GEN-0003,PUB-0012,654,derivada_de_studies,publicada
GPB-00020,GEN-0003,PUB-0063,58,derivada_de_studies,publicada
GPB-00021,GEN-0003,PUB-0009,28,derivada_de_studies,publicada
GPB-00022,GEN-0003,PUB-0014,26,derivada_de_studies,publicada
GPB-00023,GEN-0003,PUB-0013,11,derivada_de_studies,publicada
GPB-00024,GEN-0003,PUB-0086,6,derivada_de_studies,publicada
GPB-00025,GEN-0003,PUB-0099,6,derivada_de_studies,publicada
GPB-00026,GEN-0003,PUB-0060,4,derivada_de_studies,publicada
GPB-00027,GEN-0003,PUB-0017,1,derivada_de_studies,publicada
GPB-00028,GEN-0003,PUB-0092,1,derivada_de_studies,publicada
GPB-00029,GEN-0004,PUB-0015,185,derivada_de_studies,publicada
GPB-00030,GEN-0005,PUB-0112,3678,derivada_de_studies,publicada
GPB-00031,GEN-0005,PUB-0009,10,derivada_de_studies,publicada
GPB-00032,GEN-0006,PUB-0017,3,derivada_de_studies,publicada
GPB-00033,GEN-0007,PUB-0017,1,derivada_de_studies,publicada
GPB-00034,GEN-0008,PUB-0024,73,derivada_de_studies,publicada
GPB-00035,GEN-0008,PUB-0022,23,derivada_de_studies,publicada
GPB-00036,GEN-0008,PUB-0018,17,derivada_de_studies,publicada
GPB-00037,GEN-0009,PUB-0019,3461,derivada_de_studies,publicada
GPB-00038,GEN-0009,PUB-0028,902,derivada_de_studies,publicada
GPB-00039,GEN-0009,PUB-0023,640,derivada_de_studies,publicada
GPB-00040,GEN-0010,PUB-0020,224,derivada_de_studies,publicada
GPB-00041,GEN-0011,PUB-0027,1291,derivada_de_studies,publicada
GPB-00042,GEN-0012,PUB-0033,7,derivada_de_studies,publicada
GPB-00043,GEN-0012,PUB-0061,5,derivada_de_studies,publicada
GPB-00044,GEN-0012,PUB-0085,4,derivada_de_studies,publicada
GPB-00045,GEN-0012,PUB-0029,3,derivada_de_studies,publicada
GPB-00046,GEN-0013,PUB-0030,10,derivada_de_studies,publicada
GPB-00047,GEN-0014,PUB-0031,29,derivada_de_studies,publicada
GPB-00048,GEN-0015,PUB-0083,92,derivada_de_studies,publicada
GPB-00049,GEN-0015,PUB-0035,28,derivada_de_studies,publicada
GPB-00050,GEN-0015,PUB-0106,27,derivada_de_studies,publicada
GPB-00051,GEN-0015,PUB-0038,19,derivada_de_studies,publicada
GPB-00052,GEN-0015,PUB-0080,7,derivada_de_studies,publicada
GPB-00053,GEN-0015,PUB-0032,5,derivada_de_studies,publicada
GPB-00054,GEN-0015,PUB-0039,5,derivada_de_studies,publicada
GPB-00055,GEN-0015,PUB-0043,4,derivada_de_studies,publicada
GPB-00056,GEN-0015,PUB-0089,3,derivada_de_studies,publicada
GPB-00057,GEN-0015,PUB-0088,2,derivada_de_studies,publicada
GPB-00058,GEN-0016,PUB-0034,5,derivada_de_studies,publicada
GPB-00059,GEN-0017,PUB-0044,80,derivada_de_studies,publicada
GPB-00060,GEN-0017,PUB-0036,22,derivada_de_studies,publicada
GPB-00061,GEN-0018,PUB-0036,1,derivada_de_studies,publicada
GPB-00062,GEN-0019,PUB-0037,5,derivada_de_studies,publicada
GPB-00063,GEN-0020,PUB-0040,6,derivada_de_studies,publicada
GPB-00064,GEN-0020,PUB-0057,3,derivada_de_studies,publicada
GPB-00065,GEN-0020,PUB-0096,3,derivada_de_studies,publicada
GPB-00066,GEN-0021,PUB-0041,4,derivada_de_studies,publicada
GPB-00067,GEN-0022,PUB-0042,91,derivada_de_studies,publicada
GPB-00068,GEN-0023,PUB-0045,8,derivada_de_studies,publicada
GPB-00069,GEN-0023,PUB-0055,6,derivada_de_studies,publicada
GPB-00070,GEN-0024,PUB-0046,13,derivada_de_studies,publicada
GPB-00071,GEN-0025,PUB-0047,2,derivada_de_studies,publicada
GPB-00072,GEN-0026,PUB-0048,4,derivada_de_studies,publicada
GPB-00073,GEN-0027,PUB-0049,139,derivada_de_studies,publicada
GPB-00074,GEN-0027,PUB-0066,13,derivada_de_studies,publicada
GPB-00075,GEN-0028,PUB-0050,2,derivada_de_studies,publicada
GPB-00076,GEN-0029,PUB-0062,12,derivada_de_studies,publicada
GPB-00077,GEN-0029,PUB-0051,6,derivada_de_studies,publicada
GPB-00078,GEN-0030,PUB-0052,8,derivada_de_studies,publicada
GPB-00079,GEN-0031,PUB-0056,6,derivada_de_studies,publicada
GPB-00080,GEN-0031,PUB-0097,2,derivada_de_studies,publicada
GPB-00081,GEN-0032,PUB-0095,33,derivada_de_studies,publicada
GPB-00082,GEN-0032,PUB-0058,4,derivada_de_studies,publicada
GPB-00083,GEN-0033,PUB-0058,1,derivada_de_studies,publicada
GPB-00084,GEN-0034,PUB-0059,3,derivada_de_studies,publicada
GPB-00085,GEN-0035,PUB-0062,4,derivada_de_studies,publicada
GPB-00086,GEN-0036,PUB-0064,74,derivada_de_studies,publicada
GPB-00087,GEN-0037,PUB-0065,5,derivada_de_studies,publicada
GPB-00088,GEN-0037,PUB-0074,4,derivada_de_studies,publicada
GPB-00089,GEN-0038,PUB-0066,6,derivada_de_studies,publicada
GPB-00090,GEN-0039,PUB-0067,2,derivada_de_studies,publicada
GPB-00091,GEN-0040,PUB-0068,4,derivada_de_studies,publicada
GPB-00092,GEN-0041,PUB-0069,3,derivada_de_studies,publicada
GPB-00093,GEN-0042,PUB-0070,62,derivada_de_studies,publicada
GPB-00094,GEN-0043,PUB-0071,4,derivada_de_studies,publicada
GPB-00095,GEN-0044,PUB-0072,5,derivada_de_studies,publicada
GPB-00096,GEN-0045,PUB-0073,4,derivada_de_studies,publicada
GPB-00097,GEN-0046,PUB-0073,1,derivada_de_studies,publicada
GPB-00098,GEN-0047,PUB-0075,7,derivada_de_studies,publicada
GPB-00099,GEN-0048,PUB-0076,20,derivada_de_studies,publicada
GPB-00100,GEN-0049,PUB-0077,7,derivada_de_studies,publicada
GPB-00101,GEN-0050,PUB-0078,4,derivada_de_studies,publicada
GPB-00102,GEN-0051,PUB-0079,4,derivada_de_studies,publicada
GPB-00103,GEN-0052,PUB-0081,9,derivada_de_studies,publicada
GPB-00104,GEN-0053,PUB-0082,5,derivada_de_studies,publicada
GPB-00105,GEN-0053,PUB-0102,4,derivada_de_studies,publicada
GPB-00106,GEN-0054,PUB-0084,8,derivada_de_studies,publicada
GPB-00107,GEN-0055,PUB-0087,4,derivada_de_studies,publicada
GPB-00108,GEN-0056,PUB-0090,6,derivada_de_studies,publicada
GPB-00109,GEN-0057,PUB-0093,8,derivada_de_studies,publicada
GPB-00110,GEN-0058,PUB-0094,4,derivada_de_studies,publicada
GPB-00111,GEN-0059,PUB-0098,1,derivada_de_studies,publicada
GPB-00112,GEN-0060,PUB-0098,1,derivada_de_studies,publicada
GPB-00113,GEN-0061,PUB-0098,1,derivada_de_studies,publicada
GPB-00114,GEN-0062,PUB-0098,1,derivada_de_studies,publicada
GPB-00115,GEN-0063,PUB-0098,1,derivada_de_studies,publicada
GPB-00116,GEN-0064,PUB-0100,1,derivada_de_studies,publicada
GPB-00117,GEN-0065,PUB-0101,5,derivada_de_studies,publicada
GPB-00118,GEN-0066,PUB-0103,4,derivada_de_studies,publicada
GPB-00119,GEN-0067,PUB-0104,2,derivada_de_studies,publicada
GPB-00120,GEN-0068,PUB-0105,2,derivada_de_studies,publicada
GPB-00121,GEN-0069,PUB-0107,4,derivada_de_studies,publicada
GPB-00122,GEN-0070,PUB-0108,2,derivada_de_studies,publicada
GPB-00123,GEN-0071,PUB-0109,1,derivada_de_studies,publicada
GPB-00124,GEN-0072,PUB-0110,4,derivada_de_studies,publicada
GPB-00125,GEN-0073,PUB-0111,4,derivada_de_studies,publicada
GPB-00126,GEN-0074,,0,sin_referencia_en_el_dataset,pendiente_de_curacion
GPB-00127,GEN-0003,PUB-0113,1490,derivada_de_studies,publicada
