genus_taxid,genus_name,phylum_taxid
561,Escherichia,1224
286,Pseudomonas,1224
1386,Bacillus,1239
662,Vibrio,1224
1279,Staphylococcus,1239
590,Salmonella,1224
482,Neisseria,1224
1637,Listeria,1239
209,Helicobacter,29547
28105,Sinorhizobium,1224
629,Yersinia,1224
1883,Streptomyces,201174
1301,Streptococcus,1239
1142,Synechocystis,1117
1298,Deinococcus,1297
745,Pasteurella,1224
1177,Nostoc,1117
511678,Aliivibrio,1224
234,Brucella,1224
29487,Photorhabdus,1224
626,Xenorhabdus,1224
1653176,Cereibacter,1224
165697,Sphingopyxis,1224
1866885,Mycolicibacterium,201174
1485,Clostridium,1239
75,Caulobacter,1224
776,Coxiella,1224
810,Chlamydia,204428
352,Azotobacter,1224
551,Erwinia,1224
32008,Burkholderia,1224
780,Rickettsia,1224
1218,Prochlorococcus,1117
570,Klebsiella,1224
