publication_id,pmid,doi,title,journal,year,first_author,corresponding_author_mail
PUB-0001,27836995,10.15252/embj.201694639,Small RNA interactome of pathogenic E. coli revealed through crosslinking of RNase E,The EMBO Journal,2016,Shafagh A Waters,j.tree@unsw.edu.au
PUB-0002,32356726,10.7554/eLife.54655,Hfq CLASH uncovers sRNA-target interaction networks linked to nutrient availability adaptation,eLife,2020,Ira Alexandra Iosub,sgrannem@ed.ac.uk
PUB-0003,30447071,10.1111/mmi.14168,GcvB small RNA uses two distinct seed regions to regulate an extensive targetome,Molecular Microbiology,2018,David Lalaouna,masse@usherbrooke.ca
PUB-0004,32130912,10.1016/j.celrep.2020.02.016,Hierarchy in Hfq Chaperon Occupancy of Small RNA Targets Plays a Major Role in Their Regulation,Cell Reports,2020,Raya Faigenbaum-Romm,hanahm@ekmd.huji.ac.il
PUB-0005,29294085,10.1093/nar/gkx1287,Contrasting silencing mechanisms of the same target mRNA by two regulatory RNAs in Escherichia coli,Nucleic Acids Research,2017,David Lalaouna,eric.masse@usherbrooke.ca
PUB-0006,34698252,10.3390/ncrna7040064,Binding of the RNA Chaperone Hfq on Target mRNAs Promotes the Small RNA RyhB-Induced Degradation in Escherichia coli,Non-Coding RNA,2021,David Lalaouna,eric.masse@usherbrooke.ca
PUB-0007,26175201,10.1111/mmi.13129,DsrA regulatory RNA represses both hns and rbsD mRNAs through distinct mechanisms in Escherichia coli,Molecular Microbiology,2015,David Lalaouna,eric.masse@usherbrooke.ca
PUB-0008,25891076,10.1016/j.molcel.2015.03.013,A 3' external transcribed spacer in a tRNA transcript acts as a sponge for small RNAs to prevent transcriptional noise,Molecular Cell,2015,David Lalaouna,eric.masse@usherbrooke.ca
PUB-0009,33622723,10.1128/mBio.03608-20,Toward a Comprehensive Analysis of Posttranscriptional Regulatory Networks: a New Tool for the Identification of Small RNA Regulators of Specific mRNAs,mBio,2021,Kook Han,stephen_lory@hms.harvard.edu
PUB-0010,31761494,10.1016/j.molcel.2019.10.022,RNA-RNA Interactomes of ProQ and Hfq Reveal Overlapping and Competing Roles,Molecular Cell,2020,Sahar Melamed,storzg@mail.nih.gov
PUB-0011,27588604,10.1016/j.molcel.2016.07.026,Global Mapping of Small RNA-Target Interactions in Bacteria,Molecular Cell,2016,Sahar Melamed,hanahm@ekmd.huji.ac.il
PUB-0012,28005055,10.1038/nmicrobiol.2016.239,GRIL-seq provides a method for identifying direct targets of bacterial small regulatory RNA by in vivo proximity ligation,Nature Microbiology,2017,Kook Han,stephen_lory@hms.harvard.edu
PUB-0013,18424436,10.1074/jbc.M707840200,The influence of iron on Pseudomonas aeruginosa physiology: a regulatory link between iron and quorum sensing,Journal of Biological Chemistry,2008,Amanda G Oglesby,mike.vasil@uchsc.edu
PUB-0014,28976035,10.1111/mmi.13857,Probing the sRNA regulatory landscape of P. aeruginosa: post-transcriptional control of determinants of pathogenicity and antibiotic susceptibility,Molecular Microbiology,2017,Yi-Fan Zhang,stephen_lory@hms.harvard.edu
PUB-0015,34096591,10.1093/nar/gkab444,Identification of an RNA sponge that controls the RoxS riboregulator of central metabolism in Bacillus subtilis,Nucleic Acids Research,2021,Sylvain Durand,e.l.denham@bath.ac.uk
PUB-0016,12410838,10.1046/j.1365-2958.2002.03203.x,"Regulation and mode of action of the second small RNA activator of RpoS translation, RprA",Molecular Microbiology,2002,Nadim Majdalani,susang@helix.nih.gov
PUB-0017,35273147,10.1038/s41467-022-28849-w,The core and accessory Hfq interactomes across Pseudomonas aeruginosa lineages,Nature Communications,2022,Julian Trouillon,stephen_lory@hms.harvard.edu
PUB-0018,28379505,10.1093/nar/gkx219,The RNA targetome of Staphylococcus aureus non-coding RNA RsaA: impact on cell surface properties and defense mechanisms,Nucleic Acids Research,2017,Arnaud Tomasini,i.caldelari@ibmc-cnrs.unistra.fr
PUB-0019,33535041,10.1016/j.celrep.2021.108722,MAPS integrates regulation of actin-targeting effector SteC into the virulence control network of Salmonella small RNA PinT,Cell Reports,2021,Sara Correia Santos,joerg.vogel@uni-wuerzburg.de
PUB-0020,34591974,10.1093/nar/gkab863,A pathogen-specific sRNA influences enterohemorrhagic Escherichia coli fitness and virulence in part by direct interaction with the transcript encoding the ethanolamine utilization regulatory factor EutR,Nucleic Acids Research,2021,Amber B Sauder,melissakendall@virginia.edu
PUB-0021,36062564,10.1093/nar/gkac748,A 3' UTR-derived small RNA connecting nitrogen and carbon metabolism in enteric bacteria,Nucleic Acids Research,2022,Lauren R Walling,storzg@mail.nih.gov
PUB-0022,31504767,10.1093/nar/gkz728,RsaC sRNA modulates the oxidative stress response of Staphylococcus aureus during manganese starvation,Nucleic Acids Research,2019,David Lalaouna,karen.moreau@univ-lyon1.fr
PUB-0023,30718400,10.1073/pnas.1811589116,SraL sRNA interaction regulates the terminator by preventing premature transcription termination of rho mRNA,Proceedings of the National Academy of Sciences of the United States of America,2019,In?s Jesus Silva,cecilia@itq
PUB-0024,30760492,10.15252/embj.201899363,A multifaceted small RNA modulates gene expression upon glucose limitation in Staphylococcus aureus,The EMBO Journal,2019,Delphine Bronesky,i.caldelari@ibmc-cnrs.unistra.fr
PUB-0025,25030700,10.1101/gad.243485.114,"MicL, a new E-dependent sRNA, combats envelope stress by repressing synthesis of Lpp, the major outer membrane lipoprotein",Genes & Development,2014,Monica S. Guo,storzg@mail.nih.gov
PUB-0026,28794186,10.1101/gad.302547.117,Hfq links translation repression to stress-induced mutagenesis in E. coli,Genes & Development,2017,Jiandong Chen,gottesms@helix.nih.gov
PUB-0027,34705501,10.1126/sciadv.abi8228,The impact of Hfq-mediated sRNA-mRNA interactome on the virulence of enteropathogenic Escherichia coli,Science Advances,2021,Sivan Pearl Mizrahi,hanahm@ekmd.huji.ac.il
PUB-0028,35063132,10.1016/j.molcel.2021.12.030,Global RNA interactome of Salmonella discovers a 5' UTR sponge for the MicF small RNA that connects membrane permeability to transport capacity,Molecular Cell,2022,Gianluca Matera,joerg.vogel@uni-wuerzburg.de
PUB-0029,26240382,10.1093/nar/gkv783,"A bacterial regulatory RNA attenuates virulence, spread and human host cell phagocytosis",Nucleic Acids Research,2015,Helene Le Pabic,bFelden@univ-rennes1.fr
PUB-0030,28431495,10.1186/s12864-017-3684-8,Iron-regulated small RNA expression as Neisseria gonorrhoeae FA 1090 transitions into stationary phase growth,BMC Genomics,2017,Lydgia A. Jackson,lydgia-jackson@ouhsc.edu
PUB-0031,26176322,10.1080/15476286.2015.1071011,The multicopy sRNA LhrC controls expression of the oligopeptide-binding protein OppA in Listeria monocytogenes,RNA Biology,2015,Susanne Sievers,bhk@bmb.sdu.dk
PUB-0032,29730297,10.1016/j.biochi.2018.05.001,Biological and regulatory roles of acid-induced small RNA RyeC in Salmonella Typhimurium,Biochimie,2018,Daniel Ryan,msuar@kiitbiotech.ac.in
PUB-0033,34000511,10.1016/j.micres.2021.126785,The small RNA SprX regulates the autolysin regulator WalR in Staphylococcus aureus,Microbiological Research,2021,Hasmatbanu Buchad,buchadhasmat@gmail.com
PUB-0034,34554192,10.1093/nar/gkab782,A small regulatory RNA alters Staphylococcus aureus virulence by titrating RNAIII activity,Nucleic Acids Research,2021,Kim Boi Le Huyen,svetlana.chabelskaia@univ-rennes1.fr
PUB-0035,22458297,10.1111/j.1365-2958.2012.08031.x,"Superfolder GFP reporters validate diverse new mRNA targets of the classic porin regulator, MicF RNA",Molecular Microbiology,2012,Colin P Corcoran,joerg.vogel@uni-wuerzburg.de
PUB-0036,33002424,10.1016/j.molcel.2020.09.009,A Repeat-Associated Small RNA Controls the Major Virulence Factors of Helicobacter pylori,Molecular Cell,2020,Sara K Eisenbart,cynthia.sharma@uni-wuerzburg.de
PUB-0037,31907574,10.1007/s00253-019-10278-3,"Characterization of a cell density-dependent sRNA, Qrr, and its roles in the regulation of the quorum sensing and metabolism in Vibrio alginolyticus",Applied Microbiology and Biotechnology,2020,Huan Liu,zhaoyanni@sust.edu.cn
PUB-0038,22383560,10.1073/pnas.1119414109,The ancestral SgrS RNA discriminates horizontally acquired Salmonella mRNAs through a single G-U wobble pair,PNAS,2012,Kai Papenfort,joerg.vogel@uni-wuerzburg.de
PUB-0039,23582330,10.1016/j.cell.2013.03.003,Small RNA-mediated activation of sugar phosphatase mRNA regulates glucose homeostasis,Cell,2013,Kai Papenfort,cvanderp@life.ilinois.edu
PUB-0040,25826569,10.1080/15476286.2015.1017211,The VrrA sRNA controls a stationary phase survival factor Vrp of Vibrio cholerae,RNA Biology,2015,Dharmesh Sabharwal,sun.nyunt.wai@molbiol.umu.se
PUB-0041,23841714,10.1111/mmi.12325,Post-transcriptional activation of a diguanylate cyclase by quorum sensing small RNAs promotes biofilm formation in Vibrio cholerae,Molecular Microbiology,2013,Xiaonan Zhao,brian.hammer@biology.gatech.edu
PUB-0042,25923724,10.1371/journal.pgen.1005153,A stress-induced small RNA modulates alpha-rhizobial cell cycle progression,PLOS Genetics,2015,Marta Robledo,anke.becker@synmikro.uni-marburg.de
PUB-0043,33172998,10.1128/mBio.01659-20,The Small Toxic Salmonella Protein TimP Targets the Cytoplasmic Membrane and Is Repressed by the Small RNA TimR,mBio,2020,Liis Andresen,Erik.Holmqvist@icm.uu.se
PUB-0044,26863876,10.1007/s00018-016-2151-z,The cag-pathogenicity island encoded CncR1 sRNA oppositely modulates Helicobacter pylori motility and adhesion to host cells,Cellular and Molecular Life Sciences,2016,Andrea Vannini,alberto.danielli@unibo.it
PUB-0045,22428705,10.1111/j.1574-6968.2012.02548.x,Small non-coding RNA SraG regulates the operon YPK_1206-1205 in Yersinia pseudotuberculosis,FEMS Microbiology Letters,2012,Pei Lu,sychen@wh.iov.cn
PUB-0046,28691898,10.1099/mic.0.000484,Post-transcriptional regulation of target genes by the sRNA FnrS in Neisseria gonorrhoeae,Microbiology,2017,Pooja Tanwer,d.beier@biozentrum.uni-wuerzburg.de
PUB-0047,25785836,10.1371/journal.pone.0120147,Identification of metE as a Second Target of the sRNA scr5239 in Streptomyces coelicolor,PLOS ONE,2015,Michael-Paul Vockenhuber,bsuess@bio.tu-darmstadt.de
PUB-0048,28947755,10.1038/s41598-017-12507-z,The Regulatory Small RNA MarS Supports Virulence of Streptococcus pyogenes,Scientific Reports,2017,Roberto Pappesch,nadja.patenge@med.uni-rostock.de
PUB-0049,23838640,10.1038/emboj.2013.155,Functional determinants of the quorum-sensing non-coding RNAs and their roles in target regulation,The EMBO Journal,2013,Yi Shao,bbassler@princeton.edu
PUB-0050,23772063,10.1128/JB.00162-13,The Vibrio parahaemolyticus small RNA RyhB promotes production of the siderophore vibrioferrin by stabilizing the polycistronic mRNA,Journal of Bacteriology,2013,Tomotaka Tanabe,ttanabe@cc.matsuyama-u.ac.jp
PUB-0051,9774350,10.1093/emboj/17.20.6069,The Escherichia coli OxyS regulatory RNA represses fhlA translation by blocking ribosome binding,The EMBO Journal,1998,Shoshy Altuvia,storz@helix.nih.gov
PUB-0052,26494284,10.1073/pnas.1508412112,The sRNA NsiR4 is involved in nitrogen assimilation control in cyanobacteria by targeting glutamine synthetase inactivating factor IF7,PNAS,2015,Stephan Klahn,wolfgang.hess@biologie.unifreiburg. de
PUB-0053,20802038,10.1128/JB.00464-10,Mechanism of Positive Regulation by DsrA and RprA Small Noncoding RNAs: Pairing Increases Translation and Protects rpoS mRNA from Degradation,Journal of bacteriology,2010,Colleen A McCullen,vog.hin.xileh@gnasus
PUB-0054,33164661,10.1080/15476286.2020.1846388,Bioinformatic prediction reveals posttranscriptional regulation of the chromosomal replication initiator gene dnaA by the attenuator sRNA rnTrpL in Escherichia coli,RNA Biology,2021,Siqi Li,Elena.Evguenieva-Hackenberg@mikro.bio.uni-giessen.de
PUB-0055,24735725,10.1016/j.febslet.2014.04.005,A cis-encoded sRNA controls the expression of fabH2 in Yersinia,FEBS Letters,2014,Pei Lu,sychen@wh.iov.cn
PUB-0056,32366051,10.3390/ijms21093200,The Novel ncRNA OsiR Positively Regulates Expression of katE2 and Is Required for Oxidative Stress Tolerance in Deinococcus radiodurans,International Journal of Molecular Sciences,2020,Lihua Gao,chenming01@caas.cn
PUB-0057,18681937,10.1111/j.1365-2958.2008.06392.x,A new Vibrio cholerae sRNA modulates colonization and affects release of outer membrane vesicles,Molecular Microbiology,2008,Tianyan Song,sun.nyunt.wai@molbiol.umu.se
PUB-0058,20532214,10.1371/journal.ppat.1000932,A Staphylococcus aureus small RNA is required for bacterial virulence and regulates the expression of an immune-evasion molecule,PLOS Pathogens,2010,Svetlana Chabelskaya,bfelden@univ-rennes1.fr
PUB-0059,29440476,10.1261/rna.063248.117,Determination of the small RNA GcvB regulon in the Gram-negative bacterial pathogen Pasteurella multocida and identification of the GcvB seed binding region,RNA,2018,Emily L. Gulliver,john.boyce@monash.edu
PUB-0060,30674910,10.1038/s41598-018-36488-9,Quorum sensing in Pseudomonas aeruginosa mediated by RhlR is regulated by a small RNA PhrD,Scientific Reports,2019,Anuja Malgaonkar,mnair_in@yahoo.com
PUB-0061,27438010,10.1007/s00430-016-0467-9,Enhancement of the pathogenicity of Staphylococcus aureus strain Newman by a small noncoding RNA SprX1,Medical Microbiology and Immunology,2016,Manikandan Kathirvel,mnair_in@yahoo.com
PUB-0062,32133913,10.1080/15476286.2020.1733801,Small RNAs OmrA and OmrB promote class III flagellar gene expression by inhibiting the synthesis of anti-Sigma factor FlgM,RNA Biology,2020,Cedric Romilly,gerhart.wagner@icm.uu.se
PUB-0063,21375594,10.1111/j.1365-2958.2011.07620.x,The small RNA PhrS stimulates synthesis of the Pseudomonas aeruginosa quinolone signal,Molecular Microbiology,2011,Elisabeth Sonnleitner,udo.blaesi@univie.ac.at
PUB-0064,19118351,10.1099/mic.0.023598-0,Role of the sRNA GcvB in regulation of cycA in Escherichia coli,Microbiology,2009,Sarah C. Pulvermacher,george-stauffer@uiowa.edu
PUB-0065,30319578,10.3389/fmicb.2018.02267,"NsrR1, a Nitrogen Stress-Repressed sRNA, Contributes to the Regulation of nblA in Nostoc sp. PCC 7120",Frontiers in Microbiology,2018,Isidro Alvarez-Escribano,vioque@us.es
PUB-0066,22229925,10.1111/j.1365-2958.2011.07959.x,Quorum-sensing non-coding small RNAs use unique pairing regions to differentially control mRNA targets,Molecular Microbiology,2012,Yi Shao,bbassler@princeton.edu
PUB-0067,17351036,10.1128/JB.01890-06,"A novel fur- and iron-regulated small RNA, NrrF, is required for indirect fur-mediated regulation of the sdhA and sdhC genes in Neisseria meningitidis",Journal of Bacteriology,2007,J. R. Mellin,caroline.genco@bmc.org
PUB-0068,28904860,10.1002/2211-5463.12266,"Regulation of Neisseria meningitidis cytochrome bc1 components by NrrF, a Fur-controlled small noncoding RNA",FEBS Open Bio,2017,Yvonne Pannekoek,y.pannekoek@amc.uva.nl
PUB-0069,29039505,10.3892/mmr.2017.7751,Characterization of acid-tolerance-associated small RNAs in clinical isolates of Streptococcus mutans: Potential biomarkers for caries prevention,Molecular Medicine Reports,2017,Wenhui Zhu,linhcgz@126.com
PUB-0070,22272603,10.1186/1471-2164-13-37,Expression profiling reveals Spot 42 small RNA as a key regulator in the central metabolism of Aliivibrio salmonicida,BMC Genomics,2012,Geir A Hansen,peik.haugen@uit.no
PUB-0071,25356775,10.1371/journal.pgen.1004765,The Listeria Small RNA Rli27 Regulates a Cell Wall Protein inside Eukaryotic Cells by Targeting a Long 5'-UTR Variant,PLOS Genetics,2014,Juan J. Quereda,fgportillo@cnb.csic.es
PUB-0072,27112796,10.1038/srep25123,Large-scale identification of small noncoding RNA with strand-specific deep sequencing and characterization of a novel virulence-related sRNA in Brucella melitensis,Scientific Reports,2016,Zhijun Zhong,zeliangchen@yahoo.com
PUB-0073,33139881,10.1038/s41564-020-00797-5,"Symbiosis, virulence and natural-product biosynthesis in entomopathogenic bacteria are regulated by a small RNA",Nature Microbiology,2020,Nick Neubacher,h.bode@bio.uni-frankfurt.de
PUB-0074,32799414,doi.org/10.1111/febs.15516,"NsiR3, a nitrogen stress-inducible small RNA, regulates proline oxidase expression in the cyanobacterium Nostoc sp. PCC 7120",The FEBS Journal,2020,Isidro Alvarez-Escribano,vioque@us.es
PUB-0075,30870530,10.1371/journal.ppat.1007618,The small non-coding RNA RsaE influences extracellular matrix composition in Staphylococcus epidermidis biofilm communities,PLOS Pathogens,2019,Sonja M. K. Schoenfelder,w.ziebuhr@mail.uni-wuerzburg.de
PUB-0076,22988125,10.1073/pnas.1207067109,Regulation of bacterial photosynthesis genes by the small noncoding RNA PcrZ,Proceedings of the National Academy of Sciences of the United States of America,2012,Nils N Mank,gabriele.klug@mikro.bio.uni-giessen.de
PUB-0077,17590231,10.1111/j.1365-2958.2007.05796.x,"RNase E-dependent processing stabilizes MicX, a Vibrio cholerae sRNA",Molecular Microbiology,2007,Brigid M Davis,ude.dravrah.hwb.scir@sivadb
PUB-0078,30033661,10.1111/1462-2920.14360,"SuhB, a small non-coding RNA involved in catabolite repression of tetralin degradation genes in Sphingopyxis granuli strain TFA",Environmental microbiology,2018,Inmaculada Garcia-Romero,bflopar@upo.es
PUB-0079,17608792,10.1111/j.1365-2958.2007.05829.x,A small RNA downregulates LamB maltoporin in Salmonella,Molecular microbiology,2007,Lionello Bossi,bossi@cgm.cnrs-gif.fr
PUB-0080,18399940,10.1111/j.1365-2958.2008.06189.x,"Systematic deletion of Salmonella small RNA genes identifies CyaR, a conserved CRP-dependent riboregulator of OmpX synthesis",Molecular microbiology,2008,Kai Papenfort,vogel@mpiib-berlin.mpg.de
PUB-0081,34768965,10.3390/ijms222111536,Small RNA F6 Provides Mycobacterium smegmatis Entry into Dormancy,International journal of molecular sciences,2021,Artem Grigorov,tatazhik@ibch.ru
PUB-0082,17576690,10.1093/nar/gkm439,In vitro analysis of the interaction between the small RNA SR1 and its primary target ahrC mRNA,Nucleic Acids Research,2007,Nadja Heidrich,Sabine.Brantl@rz.uni-jena.de
PUB-0083,21696468,10.1111/j.1365-2958.2011.07751.x,Pervasive post-transcriptional control of genes involved in amino acid metabolism by the Hfq-dependent GcvB small RNA,Molecular microbiology,2011,Cynthia M Sharma,joerg.vogel@uni-wuerzburg.de
PUB-0084,29728392,10.1128/AEM.00597-18,Small and Low but Potent: the Complex Regulatory Role of the Small RNA SolB in Solventogenesis in Clostridium acetobutylicum,Applied and environmental microbiology,2018,Alexander J Jones,epaps@udel.edu
PUB-0085,34554453,10.1007/s12275-021-1205-6,The small RNA RsaF regulates the expression of secreted virulence factors in Staphylococcus aureus Newman,"Journal of microbiology (Seoul, Korea)",2021,Niralee Patel,mnair_in@yahoo.com
PUB-0086,27381272,10.1111/mmi.13458,RpoS-dependent sRNA RgsA regulates Fis and AcpP in Pseudomonas aeruginosa,Molecular microbiology,2016,Pei Lu,sychen@wh.iov.cn
PUB-0087,22581788,10.1002/jobm.201100426,The expression of LytM is down-regulated by RNAIII in Staphylococcus aureus,Journal of basic microbiology,2012,Mu Chunhua,yanggg@hotmail.com
PUB-0088,27057757,10.1371/journal.pgen.1005975,Gifsy-1 Prophage IsrK with Dual Function as Small and Messenger RNA Modulates Vital Bacterial Machineries,PLoS genetics,2016,Tal Hershko-Shalev,li.ca.ijuh.cc@yhsohs
PUB-0089,30602583,10.1128/mBio.02504-18,The Major RNA-Binding Protein ProQ Impacts Virulence Gene Expression in Salmonella enterica Serovar Typhimurium,mBio,2019,Alexander J Westermann,alexander.westermann@uni-wuerzburg.de
PUB-0090,30165530,10.1093/nar/gky765,Post-transcriptional gene regulation by an Hfq-independent small RNA in Caulobacter crescentus,Nucleic acids research,2018,Kathrin S Frohlich,kathrin.froehlich@lmu.de
PUB-0091,24489123,10.1093/nar/gku098,Curli synthesis and biofilm formation in enteric bacteria are controlled by a dynamic small RNA module made up of a pseudoknot assisted by an RNA chaperone,Nucleic acids research,2014,Valerie Bordeau,bfelden@univ-rennes1.fr
PUB-0092,29507088,10.1128/JB.00704-17,The Pseudomonas aeruginosa PrrF1 and PrrF2 Small Regulatory RNAs Promote 2-Alkyl-4-Quinolone Production through Redundant Regulation of the antR mRNA,Journal of bacteriology,2018,Louise Djapgn,swoodson@jhu.edu
PUB-0093,31451541,10.1128/JB.00524-19,"A CsrA-Binding, trans-Acting sRNA of Coxiella burnetii Is Necessary for Optimal Intracellular Growth and Vacuole Formation during Early Infection of Host Cells",Journal of bacteriology,2019,Shaun Wachter,mike.minnick@mso.umt.edu
PUB-0094,30531898,10.1038/s41598-018-35784-8,The small RNA RssR regulates myo-inositol degradation by Salmonella enterica,Scientific Reports,2018,Carsten Kroger,thilom.fuchs@fli.de
PUB-0095,20511587,10.1093/nar/gkq462,Experimental discovery of small RNAs in Staphylococcus aureus reveals a riboregulator of central metabolism,Nucleic Acids Research,2010,Chantal Bohn,philippe@bouloc.eu
PUB-0096,20595045,10.1016/j.jmb.2010.05.061,VrrA mediates Hfq-dependent regulation of OmpT synthesis in Vibrio cholerae,Journal of Molecular Biology,2010,Tianyan Song,sun.nyunt.wai@molbiol.umu.se
PUB-0097,31877996,10.3390/biom10010022,A Novel Noncoding RNA dsr11 Involved in Heat Stress Tolerance in Deinococcus radiodurans,Biomolecules,2019,Dong Xue,Marc.Ongena@ulg.ac.be
PUB-0098,23071807,10.1371/journal.pone.0047439,Translation inhibition of the developmental cycle protein HctA by the small RNA IhtA is conserved across Chlamydia,PLoS One,2012,Jeremiah Tattersall,ngriesha@ufl.edu
PUB-0099,29473822,10.1099/mic.0.000632,"RgsA, an RpoS-dependent sRNA, negatively regulates rpoS expression in Pseudomonas aeruginosa","Microbiology (Reading, England)",2018,Pei Lu,sychen@wh.iov.cn
PUB-0100,31865097,10.1016/j.micres.2019.126391,"Characterization the role of GacA-dependent small RNAs and RsmA family proteins on 2,4-diacetylphloroglucinol production in Pseudomonas fluorescens 2P24",Microbiological Research,2020,Yang Zhang,zhanglq@cau.edu.cn
PUB-0101,23657681,10.1099/mic.0.066688-0,"RaoN, a small RNA encoded within Salmonella pathogenicity island-11, confers resistance to macrophage-induced stress","Microbiology (Reading, England)",2013,Yong Heon Lee,rk.ca.aerok@krapky
PUB-0102,34478554,10.1093/nar/gkab747,A new role for SR1 from Bacillus subtilis: regulation of sporulation by inhibition of kinA translation,Nucleic Acids Research,2021,Inam Ul Haq,p.mueller@uni-jena.de
PUB-0103,19387634,10.1007/s00253-009-2002-z,Overproduction of poly-beta-hydroxybutyrate in the Azotobacter vinelandii mutant that does not express small RNA ArrF,Applied Microbiology and Biotechnology,2009,Rajkumar Pyla,yj29@ra.msstate.edu
PUB-0104,31138749,10.1128/mBio.00757-19,The Leucine-Responsive Regulatory Protein Lrp Participates in Virulence Regulation Downstream of Small RNA ArcZ in Erwinia amylovora,mBio,2019,Jeffrey K Schachterle,sundin@msu.edu
PUB-0105,30873665,10.1111/mmi.14238,A non-coding RNA from the intercellular adhesion (ica) locus of Staphylococcus epidermidis controls polysaccharide intercellular adhesion (PIA)-mediated biofilm formation,Molecular microbiology,2019,Maike F Lerch,w.ziebuhr@mail.uni-wuerzburg.de
PUB-0106,19732340,10.1111/j.1365-2958.2009.06857.x,"Specific and pleiotropic patterns of mRNA regulation by ArcZ, a conserved, Hfq-dependent small RNA",Molecular microbiology,2009,Kai Papenfort,vogel@mpiib-berlin.mpg.de
PUB-0107,23082228,10.1371/journal.pone.0047896,The novel cis-encoded small RNA h2cR is a negative regulator of hfq2 in Burkholderia cenocepacia,PLoS One,2012,Christian G Ramos,jorgeleitao@ist.utl.pt
PUB-0108,27834404,10.1038/srep36728,Small Regulatory RNAs of Rickettsia conorii,Scientific Reports,2016,Hema P Narra,sksahni@utmb.edu
PUB-0109,24532772,10.1128/JB.01456-13,Genome-wide analysis of small RNAs expressed by Yersinia pestis identifies a regulator of the Yop-Ysc type III secretion system,Journal of Bacteriology,2014,Chelsea A Schiano,lathem@northwestern.edu
PUB-0110,29263111,10.1128/IAI.00894-17,Streptococcus sanguinis Noncoding cia-Dependent Small RNAs Negatively Regulate Expression of Type IV Pilus Retraction ATPase PilT and Biofilm Formation,Infection and Immunity,2018,Chiaki Ota,morisaki@dent.showa-u.ac.jp
PUB-0111,19850757,10.1093/bioinformatics/btp609,Seed-based INTARNA prediction combined with GFP-reporter system identifies mRNA targets of the small RNA Yfr1,Bioinformatics,2010,Andreas S Richter,claudia.steglich@biologie.uni-freiburg.de
PUB-0112,36482060,10.1038/s41467-022-35261-x,An RNA sponge controls quorum sensing dynamics and biofilm formation in Vibrio cholerae,Nature Communications,2022,Michaela Huber,kai.papenfort@uni-jena.de
PUB-0113,37285605,10.1073/pnas.2218407120,Hfq-licensed RNA-RNA interactome in Pseudomonas aeruginosa reveals a keystone sRNA,Proceedings of the National Academy of Sciences of the United States of America,2023,Michael J Gebhardt,simon.dove@childrens.harvard.edu; michael-gebhardt@uiowa.edu
