replicon_id,genome_id,accession,replicon_order,replicon_role
REP-0001,GEN-0001,NC_002695.1,1,cromosoma
REP-0002,GEN-0002,NC_000913.3,1,cromosoma
REP-0003,GEN-0003,NC_002516.2,1,cromosoma
REP-0004,GEN-0004,NC_000964.3,1,cromosoma
REP-0005,GEN-0005,NC_002505.1,1,cromosoma
REP-0006,GEN-0006,NC_008463,1,cromosoma
REP-0007,GEN-0007,NZ_CP041354.1,1,cromosoma
REP-0008,GEN-0008,NZ_CP018205.1,1,cromosoma
REP-0009,GEN-0009,NC_016810.1,1,cromosoma
REP-0010,GEN-0010,NZ CP008957.1,1,cromosoma
REP-0011,GEN-0011,NC_011601.1,1,cromosoma
REP-0012,GEN-0012,NC_009641.1,1,cromosoma
REP-0013,GEN-0013,NC_002946.2,1,cromosoma
REP-0014,GEN-0014,NC_003210.1,1,cromosoma
REP-0015,GEN-0015,NC_003197.2,1,cromosoma
REP-0016,GEN-0015,NC_003277.2,2,replicon_secundario
REP-0017,GEN-0016,NC_007795.1,1,cromosoma
REP-0018,GEN-0017,NC_011334.1,1,cromosoma
REP-0019,GEN-0018,NC_018939.1,1,cromosoma
REP-0020,GEN-0019,GCA_001273715.1,1,cromosoma
REP-0021,GEN-0021,NZ_CP046844.1,1,cromosoma
REP-0022,GEN-0021,NZ_CP046845.1,2,replicon_secundario
REP-0023,GEN-0022,NC_020528.1,1,cromosoma
REP-0024,GEN-0022,NC_020527.1,2,replicon_secundario
REP-0025,GEN-0022,NC_020560.1,3,replicon_secundario
REP-0026,GEN-0023,NZ_CP009792.1,1,cromosoma
REP-0027,GEN-0024,NZ_AP023069.1,1,cromosoma
REP-0028,GEN-0024,NZ_AP023070.1,2,replicon_secundario
REP-0029,GEN-0026,NZ_CP077685.1,1,cromosoma
REP-0030,GEN-0027,NC_009783.1,1,cromosoma
REP-0031,GEN-0028,NC_004603.1,1,cromosoma
REP-0032,GEN-0028,NC_004605.1,2,replicon_secundario
REP-0033,GEN-0029,NC_000913.3,1,cromosoma
REP-0034,GEN-0032,NC_002745.2,1,cromosoma
REP-0035,GEN-0032,NC_003140.1,2,replicon_secundario
REP-0036,GEN-0033,NZ_CP101124.1,1,cromosoma
REP-0037,GEN-0034,NZ_CP048792.1,1,cromosoma
REP-0038,GEN-0035,NZ_CP037857.1,1,cromosoma
REP-0039,GEN-0036,NC_000913.3,1,cromosoma
REP-0040,GEN-0037,NC_003272.1,1,cromosoma
REP-0041,GEN-0038,GCA_000237785.2,1,cromosoma
REP-0042,GEN-0039,NZ_CP021520.1,1,cromosoma
REP-0043,GEN-0040,NC_017516.1,1,cromosoma
REP-0044,GEN-0041,NC_004350.2,1,cromosoma
REP-0045,GEN-0042,NC_011312.1,1,cromosoma
REP-0046,GEN-0042,NC_011313.1,2,replicon_secundario
REP-0047,GEN-0042,NC_011316.1,3,replicon_secundario
REP-0048,GEN-0042,NC_011315.1,4,replicon_secundario
REP-0049,GEN-0042,NC_011314.1,5,replicon_secundario
REP-0050,GEN-0042,NC_011311.1,6,replicon_secundario
REP-0051,GEN-0043,NC_003210.1,1,cromosoma
REP-0052,GEN-0044,NC_003317.1,1,cromosoma
REP-0053,GEN-0044,NC_003318.1,2,replicon_secundario
REP-0054,GEN-0045,NC_005126.1,1,cromosoma
REP-0055,GEN-0046,NZ_NIBV01000001.1,1,cromosoma
REP-0056,GEN-0047,NC_002976.3,1,cromosoma
REP-0057,GEN-0048,NZ_CP030271.1,1,cromosoma
REP-0058,GEN-0048,NZ_CP030272.1,2,replicon_secundario
REP-0059,GEN-0048,NZ_CP030273.1,3,replicon_secundario
REP-0060,GEN-0048,NZ_CP030274.1,4,replicon_secundario
REP-0061,GEN-0048,NZ_CP030275.1,5,replicon_secundario
REP-0062,GEN-0048,NZ_CP030276.1,6,replicon_secundario
REP-0063,GEN-0049,NZ_LT906614.1,1,cromosoma
REP-0064,GEN-0049,NZ_LT906615.1,2,replicon_secundario
REP-0065,GEN-0050,NZ_CP019153.1,1,cromosoma
REP-0066,GEN-0051,NC_003197.2,1,cromosoma
REP-0067,GEN-0051,NC_003277.2,2,replicon_secundario
REP-0068,GEN-0052,NC_008596.1,1,cromosoma
REP-0069,GEN-0053,NC_000964.3,1,cromosoma
REP-0070,GEN-0054,NC_003030.1,1,cromosoma
REP-0071,GEN-0056,NC_011916.1,1,cromosoma
REP-0072,GEN-0057,NC_002971.4,1,cromosoma
REP-0073,GEN-0057,NC_004704.2,2,replicon_secundario
REP-0074,GEN-0058,NC_003197.2,1,cromosoma
REP-0075,GEN-0058,NC_003277.2,2,replicon_secundario
REP-0076,GEN-0059,NC_000117.1,1,cromosoma
REP-0077,GEN-0060,NC_021050.1,1,cromosoma
REP-0078,GEN-0060,NC_021051.1,2,replicon_secundario
REP-0079,GEN-0061,NC_002179.2,1,cromosoma
REP-0080,GEN-0062,NC_002620.2,1,cromosoma
REP-0081,GEN-0062,NC_002182.1,2,replicon_secundario
REP-0082,GEN-0063,NC_003361.3,1,cromosoma
REP-0083,GEN-0063,NC_004720.1,2,replicon_secundario
REP-0084,GEN-0065,NC_016863.1,1,cromosoma
REP-0085,GEN-0065,NC_016864.1,2,replicon_secundario
REP-0086,GEN-0066,NC_012560.1,1,cromosoma
REP-0087,GEN-0067,NC_013961.1,1,cromosoma
REP-0088,GEN-0068,NZ_CP040883.1,1,cromosoma
REP-0089,GEN-0069,NC_011000.1,1,cromosoma
REP-0090,GEN-0069,NC_011001.1,2,replicon_secundario
REP-0091,GEN-0069,NC_011002.1,3,replicon_secundario
REP-0092,GEN-0069,NC_011003.1,4,replicon_secundario
REP-0093,GEN-0070,NC_003103.1,1,cromosoma
REP-0094,GEN-0071,NC_017168.1,1,cromosoma
REP-0095,GEN-0071,NC_017169.1,2,replicon_secundario
REP-0096,GEN-0071,NC_017170.1,3,replicon_secundario
REP-0097,GEN-0072,NZ_GL878507.1,1,cromosoma
REP-0098,GEN-0073,NC_005072.1,1,cromosoma
REP-0099,GEN-0074,NZ_CP025080.1,1,cromosoma
