species_taxid,species_name,genus_taxid
562,Escherichia coli,561
287,Pseudomonas aeruginosa,286
1423,Bacillus subtilis,1386
666,Vibrio cholerae,662
1280,Staphylococcus aureus,1279
28901,Salmonella enterica,590
485,Neisseria gonorrhoeae,482
1639,Listeria monocytogenes,1637
210,Helicobacter pylori,209
663,Vibrio alginolyticus,662
382,Sinorhizobium meliloti,28105
633,Yersinia pseudotuberculosis,629
1902,Streptomyces coelicolor,1883
1314,Streptococcus pyogenes,1301
680,Vibrio campbellii,662
670,Vibrio parahaemolyticus,662
1148,Synechocystis sp. PCC 6803,1142
1299,Deinococcus radiodurans,1298
747,Pasteurella multocida,745
103690,Nostoc sp. PCC 7120 = FACHB-418,1177
487,Neisseria meningitidis,482
1309,Streptococcus mutans,1301
40269,Aliivibrio salmonicida,511678
29459,Brucella melitensis,234
2218628,Photorhabdus laumondii,29487
290112,Xenorhabdus szentirmaii,626
1282,Staphylococcus epidermidis,1279
1063,Cereibacter sphaeroides,1653176
267128,Sphingopyxis granuli,165697
1772,Mycolicibacterium smegmatis,1866885
1488,Clostridium acetobutylicum,1485
155892,Caulobacter vibrioides,75
777,Coxiella burnetii,776
813,Chlamydia trachomatis,810
83558,Chlamydia pneumoniae,810
83560,Chlamydia muridarum,810
83557,Chlamydia caviae,810
294,Pseudomonas fluorescens,286
354,Azotobacter vinelandii,352
552,Erwinia amylovora,551
95486,Burkholderia cenocepacia,32008
781,Rickettsia conorii,780
632,Yersinia pestis,629
1305,Streptococcus sanguinis,1301
1219,Prochlorococcus marinus,1218
573,Klebsiella pneumoniae,570
